AMINOGLYCOSIDE	NC_000913.3@16S_ribosomal_RNA@16S_rrsB:4166659-4168201	aaattgaagagtttgatcatggctcagattgaacgctggcggcaggcctaacacatgcaagtcgaacggtaacaggaagaagcttgcttctttgctgacgagtggcggacgggtgagtaatgtctgggaaactgcctgatggagggggataactactggaaacggtagctaataccgcataacgtcgcaagaccaaagagggggaccttcgggcctcttgccatcggatgtgcccagatgggattagctagtaggtggggtaacggctcacctaggcgacgatccctagctggtctgagaggatgaccagccacactggaactgagacacggtccagactcctacgggaggcagcagtggggaatattgcacaatgggcgcaagcctgatgcagccatgccgcgtgtatgaagaaggccttcgggttgtaaagtactttcagcggggaggaagggagtaaagttaatacctttgctcattgacgttacccgcagaagaagcaccggctaactccgtgccagcagccgcggtaatacggagggtgcaagcgttaatcggaattactgggcgtaaagcgcacgcaggcggtttgttaagtcagatgtgaaatccccgggctcaacctgggaactgcatctgatactggcaagcttgagtctcgtagaggggggtagaattccaggtgtagcggtgaaatgcgtagagatctggaggaataccggtggcgaaggcggccccctggacgaagactgacgctcaggtgcgaaagcgtggggagcaaacaggattagataccctggtagtccacgccgtaaacgatgtcgacttggaggttgtgcccttgaggcgtggcttccggagctaacgcgttaagtcgaccgcctggggagtacggccgcaaggttaaaactcaaatgaattgacgggggcccgcacaagcggtggagcatgtggtttaattcgatgcaacgcgaagaaccttacctggtcttgacatccacggaagttttcagagatgagaatgtgccttcgggaaccgtgagacaggtgctgcatggctgtcgtcagctcgtgttgtgaaatgttgggttaagtcccgcaacgagcgcaacccttatcctttgttgccagcggtccggccgggaactcaaaggagactgccagtgataaactggaggaaggtggggatgacgtcaagtcatcatggcccttacgaccagggctacacacgtgctacaatggcgcatacaaagagaagcgacctcgcgagagcaagcggacctcataaagtgcgtcgtagtccggattggagtctgcaactcgactccatgaagtcggaatcgctagtaatcgtggatcagaatgccacggtgaatacgttcccgggccttgtacacaccgcccgtcacaccatgggagtgggttgcaaaagaagtaggtagcttaaccttcgggagggcgcttaccactttgtgattcatgactggggtgaagtcgtaacaaggtaaccgtaggggaacctgcggttggatcacctccttac	A523C,G527T,C528T,G1064A,G1064C,G1064T,C1066T,G1068A,C1192A,C1192G,C1192T,T1406A,A1408G
AMINOGLYCOSIDE	NC_000913.3@16S_ribosomal_RNA@16S_rrsC:3941808-3943350	aaattgaagagtttgatcatggctcagattgaacgctggcggcaggcctaacacatgcaagtcgaacggtaacaggaaacagcttgctgtttcgctgacgagtggcggacgggtgagtaatgtctgggaaactgcctgatggagggggataactactggaaacggtagctaataccgcataacgtcgcaagaccaaagagggggaccttcgggcctcttgccatcagatgtgcccagatgggattagctagtaggtggggtaacggctcacctaggcgacgatccctagctggtctgagaggatgaccagccacactggaactgagacacggtccagactcctacgggaggcagcagtggggaatattgcacaatgggcgcaagcctgatgcagccatgccgcgtgtatgaagaaggccttcgggttgtaaagtactttcagcggggaggaagggagtaaagttaatacctttgctcattgacgttacccgcagaagaagcaccggctaactccgtgccagcagccgcggtaatacggagggtgcaagcgttaatcggaattactgggcgtaaagcgcacgcaggcggtttgttaagtcagatgtgaaatccccgggctcaacctgggaactgcatctgatactggcaagcttgagtctcgtagaggggggtagaattccaggtgtagcggtgaaatgcgtagagatctggaggaataccggtggcgaaggcggccccctggacgaagactgacgctcaggtgcgaaagcgtggggagcaaacaggattagataccctggtagtccacgccgtaaacgatgtcgacttggaggttgtgcccttgaggcgtggcttccggagctaacgcgttaagtcgaccgcctggggagtacggccgcaaggttaaaactcaaatgaattgacgggggcccgcacaagcggtggagcatgtggtttaattcgatgcaacgcgaagaaccttacctggtcttgacatccacggaagttttcagagatgagaatgtgccttcgggaaccgtgagacaggtgctgcatggctgtcgtcagctcgtgttgtgaaatgttgggttaagtcccgcaacgagcgcaacccttatcctttgttgccagcggtccggccgggaactcaaaggagactgccagtgataaactggaggaaggtggggatgacgtcaagtcatcatggcccttacgaccagggctacacacgtgctacaatggcgcatacaaagagaagcgacctcgcgagagcaagcggacctcataaagtgcgtcgtagtccggattggagtctgcaactcgactccatgaagtcggaatcgctagtaatcgtggatcagaatgccacggtgaatacgttcccgggccttgtacacaccgcccgtcacaccatgggagtgggttgcaaaagaagtaggtagcttaaccttcgggagggcgcttaccactttgtgattcatgactggggtgaagtcgtaacaaggtaaccgtaggggaacctgcggttggatcacctccttac	A794G,A794T,G926A,G926C,G926T,A1519C,A1519G,A1519T
AMINOGLYCOSIDE	NC_003197.2@16S_ribosomal_RNA@16S_rrsD:3570470-3572005	aggtaaggaggtgatccaaccgcaggttcccctacggttaccttgttacgacttcaccccagtcatgaatcacaaagtggtaagcgccctcccgaaggttaagctacctacttcttttgcaacccactcccatggtgtgacgggcggtgtgtacaaggcccgggaacgtattcaccgtggcattctgatccacgattactagcgattccgacttcatggagtcgagttgcagactccaatccggactacgacgcactttatgaggtccgcttgctctcgcgaggtcgcttctctttgtatgcgccattgtagcacgtgtgtagccctggtcgtaagggccatgatgacttgacgtcatccccaccttcctccagtttatcactggcagtctcctttgagttcccgacctaatcgctggcaacaaaggataagggttgcgctcgttgcgggacttaacccaacatttcacaacacgagctgacgacagccatgcagcacctgtctcacagttcccgaaggcaccaatccatctctggaaagttctgtggatgtcaagaccaggtaaggttcttcgcgttgcatcgaattaaaccacatgctccaccgcttgtgcgggcccccgtcaattcatttgagttttaaccttgcggccgtactccccaggcggtctacttaacgcgttagctccggaagccacgcctcaagggcacaacctccaagtagacatcgtttacggcgtggactaccagggtatctaatcctgtttgctccccacgctttcgcacctgagcgtcagtctttgtccagggggccgccttcgccaccggtattcctccagatctctacgcatttcaccgctacacctggaattctacccccctctacaagactcaagcctgccagtttcgaatgcagttcccaggttgagcccggggatttcacatccgacttgacagaccgcctgcgtgcgctttacgcccagtaattccgattaacgcttgcaccctccgtattaccgcggctgctggcacggagttagccggtgcttcttctgcgggtaacgtcaattgctgcggttattaaccacaacaccttcctccccgctgaaagtactttacaacccgaaggccttcttcatacacgcggcatggctgcatcaggcttgcgcccattgtgcaatattccccactgctgcctcccgtaggagtctggaccgtgtctcagttccagtgtggctggtcatcctctcagaccagctagggatcgtcgccttggtgagccgttacctcaccaacaagctaatcccatctgggcacatctgatggcaagaggcccgaaggtccccctctttggtcttgcgacgttatgcggtattagccaccgtttccagtagttatccccctccatcaggcagtttcccagacattactcacccgtccgccactcgtcagcgaagcagcaagctgcttcctgttaccgttcgacttgcatgtgttaggcctgccgccagcgttcaatctgagccatgatcaaact	C1065T,C1192T
AMINOGLYCOSIDE	NZ_AP019853.2@16S_ribosomal_RNA@16S:1155759-1157299	aaaggaggtgatccagccgcaggttcccctacggctaccttgttacgacttcaccccagtcatgaagcataccgtggtaagcgggctccttgcggttaccctacctacttctggtatcccccactcccatggtgtgacgggcggtgtgtacaagacccgggaacgtattcaccgcagtatgctgacctgcgattactagcgattccgacttcatgcactcgagttgcagagtgcaatccggactacgatcggttttgtgagattggctccgcctcgcggcttggctaccctctgtaccgaccattgtatgacgtgtgaagccctggtcataagggccatgaggacttgacgtcatccccaccttcctccggcttgtcaccggcagtctcattagagtgcccaaccgaatgatggcaactaatgacaagggttgcgctcgttgcgggacttaacccaacatctcacgacacgagctgacgacagccatgcagcacctgtgttacggctcccgaaggcactcctccgtctccggaggattccgcacatgtcaaaaccaggtaaggttcttcgcgttgcatcgaattaatccacatcatccaccgcttgtgcgggtccccgtcaattcctttgagttttaatcttgcgaccgtactccccaggcggtcaatttcacgcgttagctacgctaccaagcaatcaagttgcccaacagctaattgacatcgtttagggcgtggactaccagggtatctaatcctgtttgctacccacgctttcggacatgaacgtcagtgttatcccaggaggctgccttcgccatcggtattcctccacatctctacgcatttcactgctacacgtggaattccacctccctctgacacactcgagtcacccagttcagaacgcagttcccgggttgagcccggggatttcacatcctgcttaagtaaccgtctgcgcccgctttacgcccagtaattccgattaacgctcgcaccctacgtattaccgcggctgctggcacgtagttagccggtgcttattcttcaggtaccgtcatcggccgccgatattggcaacggccttttcttccctgacaaaagtcctttacaacccgaaggccttcttcagacacgcggcatggctggatcaggcttgcgcccattgtccaaaattccccactgctgcctcccgtaggagtctgggccgtgtctcagtcccagtgtggcggatcatcctctcagacccgctactgatcgtcgccttggtgggcctttaccccgccaaccagctaatcagatatcggccgctcggatagcgcaaggcccgaaggtcccctgctttccctctcaagacgtatgcggtattagctgatctttcgatcagttatcccccgctacccggtacgttccgatatgttactcacccgttcgccactcgccacccgagaagcaagcttccctgtgctgccgtccgacttgcatgtgtaaagcatgccgccagcgttcaatctgagccaggatcaaactcttatgttc	C1191T
BETA-LACTAM	NZ_CP022079.1@blaOXA-61_promoter_region@blaOXA-61:267177-268072	atcgatggattgctttaatggttacaattttagaaaatttcagttcatgttaaaggatatttaaagaaaataaagctttaaaaagtattttgtttaaaattatttaaatagaaagatattttatgaaaaaaataactttatttttacttttcttaaatttagtgtttgggcaagataagatattaaataattggtttaaagagtataatacaagcggcacttttgttttttatgatggaaaaacttgggcgagtaacgacttttcaagggctatggagactttctctcccgcttccacttttaaaatttttaatgctctaattgcacttgatagtggtgtgataaaaactaaaaaagaaattttttatcactatagaggtgaaaaagtatttttatcttcttgggcgcaagatatgaatttaagttcagctataaaatattctaatgttcttgcttttaaagaagtggcaagaagaattggtatcaaaactatgcaagaatatttaaacaagcttcattatggtaatgctaaaatttccaagatcgatactttttggcttgacaactcactaaaaataagcgctaaagaacaagcaattttgctttttagactttcacaaaatagcttacctttttctcaagaagcaatgaatagtgttaaggaaatgatttatttaaaaaatatggaaaatttagagctttttggaaaaacaggttttaatgatgggcaaaaaattgcttggattgtaggttttgtgtatttaaaagatgaaaataaatataaggctttcgcgctaaatttagatattgataaatttgaagatttatataaaagagaaaaaattttagaaaaatatttagatgaacttgtaaaaaaagttaaaaatgatggctag	G66T
BETA-LACTAM	NZ_CP026715.1@blaOXY_promoter_region@blaOXY:3359801-3359903	taacgaatttatgatggaattccatcatcgacatagtgcttgtcaaaagcgcgggagtcgcggatagtccgggcagctcatcactatcaaggagtctgagatg	T34C,T43A,G63T,G67A
BETA-LACTAM	NZ_CP041538.1@ampC_blaEC_promoter_region@ampC:1149245-1149489	tggctgctatcctgacagttgtcacgctgattggtgtcgttacaatctaacgcatcgccaatgtaaatccggcccgcctatggcgggccgttttgtatggaaaccagaccctatgttcaaaacgacgctctgcaccttattaattaccgcctcttgctccacatttgccgcccctcaacaaatcaacgatattgtgcatcgcacaattaccccgcttatagagcaacaaaagatccccggtatgg	C12A,C12G,C12T,T22A,T22C,T22G,G39GG,T40TGT,C43T
BETA-LACTAM	NZ_CP049806.1@blaOXA-143_promoter_region@blaOXA-143:3403170-3403400	gttaagttaagtaagaaggattttaactttttgaattaaaatattatgctctaggcactcaaaacttcccctaacgtaaatctgtaatgaaaaaatttatacttcctatcttcagcatttctactctactttctctcagtgcatgctcatctattcaaaataaatttgaaaatacttctgatatttctgatcagcaacatgaaaaagccattaaaagctattttgatgaag	G15A,A43G
BETA-LACTAM	NZ_CP054063.1@blaSHV_promoter_region@blaSHV:2645215-2645514	actttcttatagttcatcacggccttgagtcaaaaaatagcgtgcttaggcagggctagatattgattattcgaaataaaagatgacaaatgatgaaggaaaaaagaggaattgtgaatcagcaaaacgccgggttattcttatttgtcgcttctttactcgcctttatcggccctcactcaaggatgtattgtggttatgcgttatattcgcctgtgtattatctccctgttagccaccctgccgctggcggtacacgccagcccgcagccgcttgagcaaattaaactaagcgaaagc	C87A
BETA-LACTAM	NZ_CP095603.1@blaTEM_promoter_region@blaTEM:148777-149952	ttcttgaagacgaaagggcctcgtgatacgcctatttttataggttaatgtcatgataataatggtttcttagacgtcaggtggcacttttcggggaaatgtgcgcggaacccctatttgtttatttttctaaatacattcaaatatgtatccgctcatgagacaataaccctgataaatgcttcaataatattgaaaaaggaagagtatgagtattcaacatttccgtgtcgcccttattcccttttttgcggcattttgccttcctgtttttgctcacccagaaacgctggtgaaagtaaaagatgctgaagatcagttgggtgcacgagtgggttacatcgaactggatctcaacagcggtaagatccttgagagttttcgccccgaagaacgttttccaatgatgagcacttttaaagttctgctatgtggcgcggtattatcccgtgttgacgccgggcaagagcaactcggtcgccgcatacactattctcagaatgacttggttgagtactcaccagtcacagaaaagcatcttacggatggcatgacagtaagagaattatgcagtgctgccataaccatgagtgataacactgcggccaacttacttctgacaacgatcggaggaccgaaggagctaaccgcttttttgcacaacatgggggatcatgtaactcgccttgatcgttgggaaccggagctgaatgaagccataccaaacgacgagcgtgacaccacgatgcctgcagcaatggcaacaacgttgcgcaaactattaactggcgaactacttactctagcttcccggcaacaattaatagactggatggaggcggataaagttgcaggaccacttctgcgctcggcccttccggctggctggtttattgctgataaatctggagccggtgagcgtgggtctcgcggtatcattgcagcactggggccagatggtaagccctcccgtatcgtagttatctacacgacggggagtcaggcaactatggatgaacgaaatagacagatcgctgagataggtgcctcactgattaagcattggtaactgtcagaccaagtttactcatatatactttagattgatttaaaacttcatttttaatttaaaaggatctaggtgaagatcctttttgataatctcatgaccaaaat	C32T,C141G,G162T
BETA-LACTAM	NZ_RIXR01000001.1@D-alanyl-D-alanine_carboxypeptidase_PBP4_promoter_region@pbp4:740020-740320	ccgctcataacatttatatgatagaatatttctattgcattttttgtaataacttctcaaagtctttatattaaaacatgaaaattaatcgcttttgagtaagtttgctcttcgtacaaacattataacacctttagctacacacgtaatatatttgcattatttttcaaattaactgcagaaaactttattttcaacaatttaattaaggtgaagtgaattagcaatgatttccgtaagtaggaataaccattgcttttagggaatatttaagaattggaaaagggaagattaacgcttt	T36A
BETA-LACTAM_MACROLIDE_TETRACYCLINE	NZ_CP012026.1@multidrug_efflux_RND_transporter_periplasmic_adaptor_subunit_MtrC_promoter_region@mtrC:1110850-1110550	actttttatccgtgcaatcgtgtatgtataatgaaacccataaaattgagactgcatctcaactttgaaaacaggtataacctgctttgcaacccgttcgaacattcgggtatcaaagcaggcggtttttatatcctgaaataagaatgcctgttgattggcaaaaccctttacatcaaaccagacagataggataaataatggctttttatgcttctaaggcgatgcgtgcggccgcgttggctgccgccgttgcattggcactgtcgtcttgcggtaaaggcggagacgcggcgcaggg	C81T
BETA-LACTAM_MACROLIDE_TETRACYCLINE	NZ_CP043871.1@multidrug_efflux_system_transcriptional_repressor_MtrR_promoter_region@mtrR:1392766-1393015	tatttatcctatctgtctggtttgatgtaaagggttttgccaatcaacaggcattcttatttcaggatataaaaaccgcctgctttgatacccgaatgttcgaacgggttgcaaagcaggttatacctgttttcaaagttgagatgcagtctcaattttatgggtttcattatacatacacgattgcacggataaaaagtcttttttataatccgccctcgtcaaaccgacccgaaacgaaaacgccatt	G120A,A198-
BETA-LACTAM_TETRACYCLINE	NZ_CP043871.1@multidrug_efflux_system_transcriptional_repressor_MtrR_promoter_region@mtrR:1392766-1393015	tatttatcctatctgtctggtttgatgtaaagggttttgccaatcaacaggcattcttatttcaggatataaaaaccgcctgctttgatacccgaatgttcgaacgggttgcaaagcaggttatacctgttttcaaagttgagatgcagtctcaattttatgggtttcattatacatacacgattgcacggataaaaagtcttttttataatccgccctcgtcaaaccgacccgaaacgaaaacgccatt	A195C
EDEINE	NC_000913.3@16S_ribosomal_RNA@16S_rrsB:4166659-4168201	aaattgaagagtttgatcatggctcagattgaacgctggcggcaggcctaacacatgcaagtcgaacggtaacaggaagaagcttgcttctttgctgacgagtggcggacgggtgagtaatgtctgggaaactgcctgatggagggggataactactggaaacggtagctaataccgcataacgtcgcaagaccaaagagggggaccttcgggcctcttgccatcggatgtgcccagatgggattagctagtaggtggggtaacggctcacctaggcgacgatccctagctggtctgagaggatgaccagccacactggaactgagacacggtccagactcctacgggaggcagcagtggggaatattgcacaatgggcgcaagcctgatgcagccatgccgcgtgtatgaagaaggccttcgggttgtaaagtactttcagcggggaggaagggagtaaagttaatacctttgctcattgacgttacccgcagaagaagcaccggctaactccgtgccagcagccgcggtaatacggagggtgcaagcgttaatcggaattactgggcgtaaagcgcacgcaggcggtttgttaagtcagatgtgaaatccccgggctcaacctgggaactgcatctgatactggcaagcttgagtctcgtagaggggggtagaattccaggtgtagcggtgaaatgcgtagagatctggaggaataccggtggcgaaggcggccccctggacgaagactgacgctcaggtgcgaaagcgtggggagcaaacaggattagataccctggtagtccacgccgtaaacgatgtcgacttggaggttgtgcccttgaggcgtggcttccggagctaacgcgttaagtcgaccgcctggggagtacggccgcaaggttaaaactcaaatgaattgacgggggcccgcacaagcggtggagcatgtggtttaattcgatgcaacgcgaagaaccttacctggtcttgacatccacggaagttttcagagatgagaatgtgccttcgggaaccgtgagacaggtgctgcatggctgtcgtcagctcgtgttgtgaaatgttgggttaagtcccgcaacgagcgcaacccttatcctttgttgccagcggtccggccgggaactcaaaggagactgccagtgataaactggaggaaggtggggatgacgtcaagtcatcatggcccttacgaccagggctacacacgtgctacaatggcgcatacaaagagaagcgacctcgcgagagcaagcggacctcataaagtgcgtcgtagtccggattggagtctgcaactcgactccatgaagtcggaatcgctagtaatcgtggatcagaatgccacggtgaatacgttcccgggccttgtacacaccgcccgtcacaccatgggagtgggttgcaaaagaagtaggtagcttaaccttcgggagggcgcttaccactttgtgattcatgactggggtgaagtcgtaacaaggtaaccgtaggggaacctgcggttggatcacctccttac	A1499G
LINCOSAMIDE_MACROLIDE	NZ_CP019870.1@23S_ribosomal_RNA@23S:4042221-4045120	attggtcaagtcctcgacctattagtatcgataagctaaatacattgctgcacttacaccttcgacctatcaaccagatagtctttctggggtcttacccttgcggtgggaaatcttatcttgaagttggcttcgcgcttagatgctttcagcgcttatccattccgcacatagctacccagccatgcccttggcaggacaactggtacaccagaggtacgtccatcccggtcctctcgtactaaggacaggtcttctcaaatttcctacgcctgcgacggatagggaccgaactgtctcacgacgttctgaacccagctcgcgtaccactttaatgggcgaacagcccaacccttgggacctactacagccccaggatgtgatgagccgacatcgaggtgccaaacctccccgtcgatgtggactcttgggggagataagcctgttatccccagggtagcttttatccgttgagcgatggcccttccacgcagaaccaccggatcactaagtccgattttcatccttgctcgacctgtatgtcttgcaatcaagctctcttttgcctttacactctacgtacgatttccgaccgtactgagagaacctttgagcgcctccgttaccttttgggaggcgaccgccccagtcaaactgcccacctgacagtgtcccaagaccagattcatggcctatggttagagtcccagtactacaagggtggtatcccaaggatggctccgccaaaactggcgtcctggtttcaaagcctcccacctatcctgtacatgtagtaccaagacccaatgtcaagctacagtaaagctccatggggtctttccgtcctgtcgcaggtatccggcatcttcaccggaattacaatttcaccgagtctgttgttgagacagtgcccaaatcgttacgcctttcgtgcgggtcggaacttacccgacaaggaatttcgctaccttaggaccgttatagttacggccgccgtttactggggcttaagttcactgcttcgattgctctaacagattcccttaaccttccagcaccgggcaggcgtcagctcctatacatcgtcttgcgacttagcagaaacctatgtttttggtaaacagtcgcttgggcctattctctgcggccacctgatggtggcaccccttatccctaagttacggggtcattttgccgagttccttaacaacagttctctcgctagccttaggatactctcctcacccacctgtgtcggtttgcggtacgggtacctttaacctcgatagagacttttcttgacagtgtgaaatcagctacttcgctactaaatttcgctccccatcacatcccagcattatcaaagcggatttgcctactttgactgcctcaatgcttgggcacacataaccaacagtgtgcttagcttatcctactgtgtcatcccatctctcaaacggttatcggtagtacaggaatatcaacctgttgtccatcacctacgcctttcggcctcagcttaggtcccgactaacccagggcggacgaaccttcccctggaaaccttgggtttacggcctgtgggattctcacccacatctcgctactcatgccaacattctcactcccatactgtccacatgtccttacggtcatgcttcaacccgtatgggaagctcccctacccatcattactgatgccgtagcttcggtagtaagttttagccccggaaatcttcggcgcaggatcactcgaccagtgagctattacgcactctttgaatgagtggctgcttctaagccaacatcctggttgtctgtgcaatcccacatcctttaccacttaacttacatttagggaccttagctgacgatctgggctgttgccctttcgactatgaatcttatcacccacagtctgactcccaagtataagatgacggcattcggagtttgatagtcttcggtaggtgcaataccccctaggacattcagtgctctacctccgtatctctcaccttgaggctagccctaaagctatttcggggagaaccagctatctccgggctcgattggaatttcaccgctacccacaagtcatccccgagcttttcaacgctcgtgggttcggacctccacgaaattttactttcgcttcatcctgctcatgggtaggtcgcccggtttcgggtctacgtcaagtaactgaacgctcagttaaaactcgctttcgctacggctccgcaccttaagtgcttaaccttgctacttaacgtaactcgttggcccgttctacaaaaagtacgcggtcacacaagaaatgtgcttccacagcttgtaagtgcagggtttcaggttctatttcactcccctcccggggttcttttcacctttccctcacggtactatacgctatcggtcactaggtagtatttagccttggagggtggtccctcctgcttcccacagggtttcacgtgtcccgtggtactctggatcatatctaaagtcttctcgtttaacatacaggactattaccttctgtggtgggtctttccaaacctcttcaattacgatacctcttcgttatgatatgtccgcaaccccaataaagaaaactttattggtttgggctaatccgcgttcgctcgccgctacttacggaatcgaatttctttctcttccttcaggtacttagatgtttcagttccctgagttcccctcattaagctatgtattcacttaatgatacttagacattactctaagtgagtttcctcattcggaaatcttcggatcaaagtttacgtgcaactccccgaagcttatcgcagcttatcacgtccttcatcggctcctagtgccaaggcatccgccctgcacccttaataacttgacca	C658T
LINCOSAMIDE_OXAZOLIDINONE	NC_004431.1@23S_ribosomal_RNA@23S:237160-240064	ggttaagcgactaagcgtacacggtggatgccctggcagtcagaggcgatgaaggacgtgctaatctgcgataagcgtcggtaaggtgatatgaaccgttataaccggcgatttccgaatggggaaacccagtgtgtttcgacacactatcattaactgaatccataggttaatgaggcgaaccgggggaactgaaacatctaagtaccccgaggaaaagaaatcaaccgagattcccccagtagcggcgagcgaacggggaggagcccagagcctgaatcagtgtgtgtgttagtggaagcgtctggaaaggcgcgcgatacagggtgacagccccgtacacaaaaatgcacatgctgtgagctcgatgagtagggcgggacacgtggtatcctgtctgaatatggggggaccatcctccaaggctaaatactcctgactgaccgatagtgaaccagtaccgtgagggaaaggcgaaaagaaccccggcgaggggagtgaaaaagaacctgaaaccgtgtacgtacaagcagtgggagcatgcttaggcgtgtgactgcgtaccttttgtataatgggtcagcgacttatattctgtagcaaggttaaccgaataggggagccgaagggaaaccgagtcttaactgggcgttaagttgcagggtatagacccgaaacccggtgatctagccatgggcaggttgaaggttgggtaacactaactggaggaccgaaccgactaatgttgaaaaattagcggatgacttgtggctgggggtgaaaggccaatcaaaccgggagatagctggttctccccgaaagctatttaggtagcgcctcgtgaactcatctccgggggtagagcactgtttcggcaagggggtcatcccgacttaccaacccgatgcaaactgcgaataccggagaatgttatcacgggagacacacggcgggtgctaacgtccgtcgngaagagggaaacaacccagaccgccagctaaggtcccaaagtcatggttaagtgggaaacgatgtgggaaggcccagacagccaggatgttggcttagaagcagccatcatttaaagaaagcgtaatagctcactggtcgagtcggcctgcgcggaagatgtaacggggctaaaccatgcaccgaagctgcggcagcgacgcttatgcgttgttgggtaggggagcgttctgtaagcctgtgaaggtgtactgtgaggtatgctggaggtatcagaagtgcgaatgctgacataagtaacgataaagcgggtgaaaagcccgctcgccggaagaccaagggttcctgtccaacgttaatcggggcagggtgagtcgacccctaaggcgaggccgaaaggcgtagtcgatgggaaacaggttaatattcctgtacttggtgttactgcgaaggggggacggagaaggctatgttggccgggcgacggttgtcccggtttaagcgtgtaggctggttttccaggcaaatccggaaaatcaaggctgaggcgtgatgacgaggcactacggtgctgaagcaacaaatgccctgcttccaggaaaagcctctaagcatcaggtaacatcaaatcgtaccccaaaccgacacaggtggtcaggtagagaataccaaggcgcttgagagaactcgggtgaaggaactaggcaaaatggtgccgtaacttcgggagaaggcacgctgatatgtaggtgaagcgacttgctcgtggagctgaaatcagtcgaagataccagctggctgcaactgtttattaaaaacacagcactgtgcaaacacgaaagtggacgtatacggtgtgacgcctgcccggtgccggaaggttaattgatggggttagcgcaagcgaagctcttgatcgaagccccggtaaacggcggccgtaactataacggtcctaaggtagcgaaattccttgtcgggtaagttccgacctgcacgaatggcgtaatgatggccaggctgtctccacccgagactcagtgaaattgaactcgctgtgaagatgcagtgtacccgcggcaagacggaaagaccccgtgaacctttactatagcttgacactgaacattgagccttgatgtgtaggataggtgggaggctttgaagtgtggacgccagtctgcatggagccgaccttgaaataccaccctttaatgtttgatgttctaacgttgacccgtaatccgggttgcggacagtgtctggtgggtagtttgactggggcggtctcctcctaaagagtaacggaggagcacgaaggttggctaatcctggtcggacatcaggaggttagtgcaatggcataagccagcttgactgcgagcgtgacggcgcgagcaggtgcgaaagcaggtcatagtgatccggtggttctgaatggaagggccatcgctcaacggataaaaggtactccggggataacaggctgataccgcccaagagttcatatcgacggcggtgtttggcacctcgatgtcggctcatcacatcctggggctgaagtaggtcccaagggtatggctgttcgccatttaaagtggtacgcgagctgggtttagaacgtcgtgagacagttcggtccctatctgccgtgggcgctggagaactgaggggggctgctcctagtacgagaggaccggagtggacgcatcactggtgttcgggttgtcatgccaatggcactgcccggtagctaaatgcggaagagataagtgctgaaagcatctaagcacgaaacttgccccgagatgagttctccctgactccttgagggtcctgaaggaacgttgaagacgacgacgttgataggccgggtgtgtaagcgcagcgatgcgttgagctaaccggtactaatgaaccgtgaggcttaacctta	G2032A
MACROLIDE	NC_002163.1@23S_ribosomal_RNA@23S:396449-399360	agctactaagagcgaatggtggatgccttgactggtaaaggcgatgaaggacgtactagactgcgataagctacggggagctgtcaagaagctttgatccgtagatttccgaatggggcaacccaatgtatagagatatacattacctatataggagcgaacgaggggaattgaaacatcttagtaccctcaggaaaagaaatcaatagagattgcgtcagtagcggcgagcgaaagcgcaagagggcaaacccagtgcttgcactgggggttgtaggactgcaatgtgcaagagctgagtttagcagaacattctggaaagtatagccatagagggtgatagtcccgtatgcgaaaaacaaagcttagctagcagtatcctgagtagggcgggacacgaggaatcctgtctgaatccgggtcgaccacgatccaaccctaaatactaataccagatcgatagtgcacaagtaccgtgagggaaaggtgaaaagaactgaggtgatcagagtgaaatagaacctgaaaccatttgcttacaatcattcagagcactatgtagcaatacagtgtgatggactgccttttgcataatgagcctgcgagttgtggtgtctggcaaggttaagcaaacgcgaagccgtagcgaaagcgagtctgaatagggcgcttagtcagatgctgcagacccgaaacgaagtgatctatccatgagcaagttgaagctagtgtaagaactagtggaggactgaacccataggcgttgaaaagccccgggatgacttgtggataggggtgaaaggccaatcaaacttcgtgatagctggttctctccgaaatatatttaggtatagcgttgtgtcgtaatataagggggtagagcactgaatgggctagggcatacaccaatgtaccaaaccctatcaaactccgaataccttatatgtaatcacagcagtcaggcggcgagtgataaaatccgtcgtcaagagggaaacaacccagactaccagctaaggtccctaaatcttacttaagtggaaaacgatgtgaagttacttaaacaaccaggaggttggcttagaagcagccatcctttaaagaaagcgtaatagctcactggtctagtgattttgcgcggaaaatataacggggctaaagtaagtaccgaagctgtagacttagtttactaagtggtaggagagcgttctatttgcgtcgaaggtataccggtaaggagtgctggagcgaatagaagtgagcatgcaggcatgagtagcgataattaatgtgagaatcattaacgccgtaaacccaaggtttcctacgcgatgctcgtcatcgtagggttagtcgggtcctaagtcgagtccgaaaggggtagacgatggcaaattggttaatattccaataccaacattagtgtgcgatggaaggacgcttagggctaagggggctagcggatggaagtgctagtctaaggtcgtaggaggttatacaggcaaatccgtataacaatactccgagaactgaaaggctttttgaagtcttcggatggatagaagaacccctgatgccgtcgagccaagaaaagtttctaagtttagctaatgttgcccgtaccgtaaaccgacacaggtgggtgggatgagtattctaaggcgcgtggaagaactctctttaaggaactctgcaaaatagcaccgtatcttcggtataaggtgtggttagctttgtattaggatttactctgaaagcaaggaaacttacaacaaagagtccctcccgactgtttaccaaaaacacagcactctgctaactcgtaagaggatgtatagggtgtgacgcctgcccggtgctcgaaggttaattgatggggttagcattagcgaagctcttgatcgaagcccgagtaaacggcggccgtaactataacggtcctaaggtagcgaaattccttgtcggttaaataccgacctgcatgaatggcgtaacgagatgggagctgtctcaaagagggatccagtgaaattgtagtggaggtgaaaattcctcctacccgcggcaagacggaaagaccccgtggacctttactacagcttgacactgctacttggataagaatgtgcaggataggtgggaggctttgagtatatgacgccagttgtatatgagccattgttgagataccactctttcttatttgggtagctaaccagcttgagttatcctcaagtgggacaatgtctggtgggtagtttgactggggcggtcgcctcccaaataataacggaggcttacaaaggttggctcagaacggttggaaatcgttcgtagagtataaaggtataagccagcttaactgcaagacatacaagtcaagcagagacgaaagtcggtcttagtgatccggtggttctgtgtggaagggccatcgctcaaaggataaaaggtaccccggggataacaggctgatctcccccaagagctcacatcgacggggaggtttggcacctcgatgtcggctcatcgcatcctggggctggagcaggtcccaagggtatggctgttcgccatttaaagcggtacgcgagctgggttcagaacgtcgtgagacagttcggtccctatctgccgtgggcgtaagaagattgaagagatttgaccctagtacgagaggaccgggttgaacaaaccactggtgtagctgttgttctgccaagagcatcgcagcgtagctaagtttggaaaggataaacgctgaaagcatctaagcgtgaagccaactctaagatgaatcttctctaagctctctagaagactactagtttgataggctgggtgtgtaatggatgaaagtcctttagctgaccagtactaatagagcgtttggcttatctttaataaagcat	A2074C,A2074G,A2074T,A2075G,C2627A
MACROLIDE	NC_002946.2@23S_ribosomal_RNA@23S:1119158-1116249	tgaaatgatagagtcaagtgaataagtgcatcaggcggatgccttggcgatgataggcgacgaaggacgtgtaagcctgcgaaaagcgcgggggagctggcaataaagcaatgatcccgcggtgtccgaatggggaaacccactgcattctgtgcagtatcctaagttgaatacataggcttagagaagcgaacccggagaactgaaccatctaagtacccggaggaaaagaaatcaaccgagattccgcaagtagtggcgagcgaacgcggaggagcctgtacgtaataactgtcgaggtagaagaacaagctgggaagcttgaccatagcgggtgacagtcccgtattcgaaatctcaacagcggtactaagcgtacgaaaagtagggcgggacacgtgaaatcctgtctgaatatggggggaccatcctccaaggctaaatactcatcatcgaccgatagtgaaccagtaccgtgagggaaaggcgaaaagaaccccgggaggggagtgaaacagaacctgaaacctgatgcatacaaacagtgggagcgccctagtggtgtgactgcgtaccttttgtataatgggtcaacgacttacattcagtagcgagcttaaccggataggggaggcgtagggaaaccgagtcttaatagggcgatgagttgctgggtgtagacccgaaaccgagtgatctatccatggccaggttgaaggtgccgtaacaggtactggaggaccgaacccacgcatgttgcaaaatgcggggatgagctgtgggtaggggtgaaaggctaaacaaactcggagatagctggttctccccgaaaactatttaggtagtgcctcgagcaagacactgatgggggtaaagcactgttatggctagggggttattgcaacttaccaacccatggcaaactcagaataccatcaagtggttcctcgggagacagacagcgggtgctaacgtccgttgtcaagagggaaacaacccagaccgccggctaaggtcccaaatgatagattaagtggtaaacgaagtgggaaggcacagacagccaggatgttggcttagaagcagccatcatttaaagaaagcgtaatagctcactggtcgagtcgtcctgcgcggaagatgtaacggggctcaaatctataaccgaagctgcggatgccggtttaccggcatggtaggggagcgttctgtaggctgatgaaggtgcattgtaaagtgtgctggaggtatcagaagtgcgaatgttgacatgagtagcgataaagcgggtgaaaagcccgctcgccgaaagcccaaggtttcctacgcaacgttcatcggcgtagggtgagtcggcccctaaggcgaggcagaaatgcgtagtcgatgggaaacaggttaatattcctgtacttgattcaaatgcgatgtggggacggagaaggttaggttggcaagctgttggaatagcttgtttaagccggtaggtggaagacttaggcaaatccgggttttcttaacaccgaagaagtgatgacgagtgtttacggacacgaagcaaccgataccacgcttccaggaaaagccactaagcttcagtttgaatcgaaccgtaccgcaaaccgacacaggtgggcaggatgagaattctaaggcgcttgagagaactcgggagaaggaactcggcaaattgataccgtaacttcgggagaaggtatgccctctaaggttaaggacttgctccgtaagccccggagggtcgcagagaataggtggctgcgacttgtttattaaaaacacgagcactcttgccaacacgaaagtggacgtatagggtgtaacgcctgcccggtgccggaaggttaattgaagatgtgcaagcatcggatcgaagccccggtaaacggcggccgtaactataacggtcctaaggtagcgaaattccttgtcgggtaagttccgacccgcacgaatggcgtaacgatggccacactgtctcctcccgagactcagcgaagttgaagtggttgtgaagatgcaatctacccgctgctagacggaaagaccccgtgaacctttactgtagctttgcattggactttgaagtcacttgtgtaggataggtggaaggcttggaagcaaagacgccagtctctgtggagtcgtccttgaaaataccaccctggtgtctttgaggttctaacccagacccgtcatccgggtcggggaccgtgcatggtaggcagtttgactggggcggtctcctcccaaagcgtaacggaggagttcgaaggttacctaggtccggtcggaaatcggactgatagtgcaatggcaaaaggtagcttaactgcgagaccgacaagtcgggcaggtgcgaaagcaggacatagtgatccggtggttctgtatggaagggccatcgctcaacggataaaaggtactccggggataacaggcttgattccgcccaagagttcatatcgacggcggagtttggcacctcgatgtcggctcatcacatcctggggctgtagtcggtcccaagggtatggctgttcgccattttaaagtggtacgtgagttgggtttaaaacgtcgtgagacagtttggtccctatctgcagtgggcgttggaagtttgacgggggctgctcctagtacgagaggaccggagtggacgaacctctggtgtaccggttgtaacgccagttgcatagccgggtagctaagttcggaagagataagcgctgaaagcatctaagcgcgaaactcgcctgaagatgagacttcccttgcggtttaaccgcactaaagggtcgttcgagaccaggacgttgataggtggggtgtggaagcgcggtaacgcgtgaagctaacccatactaattgcccgtgaggcttgactct	A2062G,C2617T
MACROLIDE	NC_004431.1@23S_ribosomal_RNA@23S:237160-240064	ggttaagcgactaagcgtacacggtggatgccctggcagtcagaggcgatgaaggacgtgctaatctgcgataagcgtcggtaaggtgatatgaaccgttataaccggcgatttccgaatggggaaacccagtgtgtttcgacacactatcattaactgaatccataggttaatgaggcgaaccgggggaactgaaacatctaagtaccccgaggaaaagaaatcaaccgagattcccccagtagcggcgagcgaacggggaggagcccagagcctgaatcagtgtgtgtgttagtggaagcgtctggaaaggcgcgcgatacagggtgacagccccgtacacaaaaatgcacatgctgtgagctcgatgagtagggcgggacacgtggtatcctgtctgaatatggggggaccatcctccaaggctaaatactcctgactgaccgatagtgaaccagtaccgtgagggaaaggcgaaaagaaccccggcgaggggagtgaaaaagaacctgaaaccgtgtacgtacaagcagtgggagcatgcttaggcgtgtgactgcgtaccttttgtataatgggtcagcgacttatattctgtagcaaggttaaccgaataggggagccgaagggaaaccgagtcttaactgggcgttaagttgcagggtatagacccgaaacccggtgatctagccatgggcaggttgaaggttgggtaacactaactggaggaccgaaccgactaatgttgaaaaattagcggatgacttgtggctgggggtgaaaggccaatcaaaccgggagatagctggttctccccgaaagctatttaggtagcgcctcgtgaactcatctccgggggtagagcactgtttcggcaagggggtcatcccgacttaccaacccgatgcaaactgcgaataccggagaatgttatcacgggagacacacggcgggtgctaacgtccgtcgngaagagggaaacaacccagaccgccagctaaggtcccaaagtcatggttaagtgggaaacgatgtgggaaggcccagacagccaggatgttggcttagaagcagccatcatttaaagaaagcgtaatagctcactggtcgagtcggcctgcgcggaagatgtaacggggctaaaccatgcaccgaagctgcggcagcgacgcttatgcgttgttgggtaggggagcgttctgtaagcctgtgaaggtgtactgtgaggtatgctggaggtatcagaagtgcgaatgctgacataagtaacgataaagcgggtgaaaagcccgctcgccggaagaccaagggttcctgtccaacgttaatcggggcagggtgagtcgacccctaaggcgaggccgaaaggcgtagtcgatgggaaacaggttaatattcctgtacttggtgttactgcgaaggggggacggagaaggctatgttggccgggcgacggttgtcccggtttaagcgtgtaggctggttttccaggcaaatccggaaaatcaaggctgaggcgtgatgacgaggcactacggtgctgaagcaacaaatgccctgcttccaggaaaagcctctaagcatcaggtaacatcaaatcgtaccccaaaccgacacaggtggtcaggtagagaataccaaggcgcttgagagaactcgggtgaaggaactaggcaaaatggtgccgtaacttcgggagaaggcacgctgatatgtaggtgaagcgacttgctcgtggagctgaaatcagtcgaagataccagctggctgcaactgtttattaaaaacacagcactgtgcaaacacgaaagtggacgtatacggtgtgacgcctgcccggtgccggaaggttaattgatggggttagcgcaagcgaagctcttgatcgaagccccggtaaacggcggccgtaactataacggtcctaaggtagcgaaattccttgtcgggtaagttccgacctgcacgaatggcgtaatgatggccaggctgtctccacccgagactcagtgaaattgaactcgctgtgaagatgcagtgtacccgcggcaagacggaaagaccccgtgaacctttactatagcttgacactgaacattgagccttgatgtgtaggataggtgggaggctttgaagtgtggacgccagtctgcatggagccgaccttgaaataccaccctttaatgtttgatgttctaacgttgacccgtaatccgggttgcggacagtgtctggtgggtagtttgactggggcggtctcctcctaaagagtaacggaggagcacgaaggttggctaatcctggtcggacatcaggaggttagtgcaatggcataagccagcttgactgcgagcgtgacggcgcgagcaggtgcgaaagcaggtcatagtgatccggtggttctgaatggaagggccatcgctcaacggataaaaggtactccggggataacaggctgataccgcccaagagttcatatcgacggcggtgtttggcacctcgatgtcggctcatcacatcctggggctgaagtaggtcccaagggtatggctgttcgccatttaaagtggtacgcgagctgggtttagaacgtcgtgagacagttcggtccctatctgccgtgggcgctggagaactgaggggggctgctcctagtacgagaggaccggagtggacgcatcactggtgttcgggttgtcatgccaatggcactgcccggtagctaaatgcggaagagataagtgctgaaagcatctaagcacgaaacttgccccgagatgagttctccctgactccttgagggtcctgaaggaacgttgaagacgacgacgttgataggccgggtgtgtaagcgcagcgatgcgttgagctaaccggtactaatgaaccgtgaggcttaacctta	T754A,A2058G,A2058T,T2609C,C2611T
MACROLIDE	NC_022347.1@23S_ribosomal_RNA@23S:1040292-1037381	aaaaaaggtaagctactaagagcgaatggtggatgccttgactggtaaaggcgatgaaggacgtactagactgcgataagctacggggagctgtcaagaagctttgatccgtagatttccgaatggggcaacccaatgtatagagatatacattacctatataggagcgaacgaggggaattgaaacatcttagtaccctcaggaaaagaaatcaatagagattgcgtcagtagcggcgagcgaaagcgcaagagggcaaacccagtgcttgcactgggggttgtaggactgcaatgtgcaagaggtaagtttagcagaacattctggaaagtatagccatagagggtgatagtcccgtatgcgaaaaacaaaccttagctagcagtatcctgagtagggcgggacacgagaaatcctgtctgaagctgggtcgaccacgatccaaccctaaatactaataccagatcgatagtgcacaagtaccgtgagggaaaggtgaaaagaactgaggtgatcagagtgaaatagaacctgaaaccatttgcttacaatcattcagagccctatgtagcaatacagggtgatggactgccttttgcataatgagcctgcgagttgtggtgtctggcaaggttaagcaaacgcgaagccgtagcgaaagcgagtctgaatagggcgcttagtcagatgctgcagacccgaaacgaagtgatctatccatgagcaagttgaagctagtgtaagaactagtggaggactgaacccataggcgttgaaaagccccgggatgacttgtggataggggtgaaaggccaatcaaacttcgtgatagctggttctctccgaaatatatttaggtatagcgttgtgtcgtaatataagggggtagagcactgaatgggctagggcatacaccaatgtaccaaaccctatcaaactccgaataccttatatgtaatcacagcagtcaggcggcgagtgataaaatccgtcgtcaagagggaaacaacccagactaccagctaaggtccctaaatcttacttaagtggaaaacgatgtgaagttacttaaacaaccaggaggttggcttagaagcagccatcctttaaagaaagcgtaatagctcactggtctagtgattttgcgcggaaaatataacggggctaaagtaagtaccgaagctgtagacttgcgcacaacttagattatttaagtttagaatatgagaaactaagttatatgtttagttatatttttactgatttttatagagtaaagatagaaataaaacttagtaaaatcagtaaaaatattcttagactaaagttaagtagtttaagttgtgtgcaagtggtaggagagcgttctatttgcgtcgaaggtataccggtaaggagtgctggagcgaatagaagtgagcatgcaggcatgagtagcgataattaatgtgagaatcattaacgccgtaaacccaaggtttcctacgcgatgctcgtcatcgtagggttagtcgggtcctaagtcgagtccgaaaggggtagacgatggcaaattggttaatattccaataccaacattagtgtgcgatggaaggacgcttagggctaagggggctagcggatggaagtgctagtctaaggtcgtaggaggttatacaggcaaatccgtataacaatactccgagaactgaaaggctttttgaagtcttcggatggatagaagaacccctgatgccgtcgagccaagaaaagtttctaagtttagctaatgttgcccgtaccgtaaaccgacacaggtgggtgggatgagtattctaaggcgcgtggaagaactctctttaaggaactctgcaaaatagcaccgtatcttcggtataaggtgtggttcgcttcgtattaggatttactccgaaagcgaagaaacttacaacaaagagtccctcccgactgtttaccaaaaacacagcactctgctaactcgtaagaggatgtatagggtgtgacgcctgcccggtgctcgaaggttaattgatggggttagcattagcgaagctcttgatcgaagcccgagtaaacggcggccgtaactataacggtcctaaggtagcgaaattccttgtcggttaaataccgacctgcatgaatggcgtaacgagatgggagctgtctcaaagagggatccagtgaaattgtagtggaggtgaaaattcctcctacccgcggcaagacggaaagaccccgtggacctttactacagcttgacactgctatttggataagaatgtgcaggataggtgggaggctttgagtatatgacgccagttgtatatgagccattgttgagataccactctttcttatttgggtagctaaccagcttgagttatcctcaagtgggacaatgtctggtgggtagtttgactggggcggtcgcctcccaaataataacggaggcttacaaaggttggctcagaacggttggaaatcgttcgtagagtataaaggtataagccagcttaactgcaagacatacaagtcaagcagagacgaaagtcggtcttagtgatccggtggttctgcgtggaagggccatcgctcaaaggataaaaggtaccccggggataacaggctgatctcccccaagagctcacatcgacggggaggtttggcacctcgatgtcggctcatcgcatcctggggctggagcaggtcccaagggtatggctgttcgccatttaaagcggtacgcgagctgggttcagaacgtcgtgagacagttcggtccctatctgccgtgggcgtaagaagattgaagagatttgaccctagtacgagaggaccgggttgaacaaaccactggtgtagctgttgttctgccaagagcatcgcagcgtagctaagtttggaaagg	A2233C,A2233G,A2233T,A2234G,C2786A
MACROLIDE	NZ_AP023073.1@efflux_pump_MacAB_promoter_region@macAB:147313-147537	agcaatgtgtttccatttggttgtttgtgggcggcattataacgccgtatcggaaatggcggaatatgtaaacggattgaaattttcgggaaagcagattgtataagccatttaaaacaaatggttatttttattgtcggcggtttgccgccttggatggggcagggacttgcggtagaatccgcttccggtttatgggattgacgcatacagagaattgaaaat	G178T
MACROLIDE	NZ_CP018347.1@23S_ribosomal_RNA@23S:32347-35250	tttggataagtcctcgagctattagtattagtccgctacatgtgtcgccacacttccacttctaacctatctacctgatcatctctcagggctcttactgatatataatcatgggaaatctcatcttgaggtgggtttcacacttagatgctttcagcgtttatcccttccctacatagctacccagcgatgcctttggcaagacaactggtacaccagcggtaagtccactctggtcctctcgtactaggagcagatcctctcaaatttcctacgcccgcgacggatagggaccgaactgtctcacgacgttctgaacccagctcgcgtgccgctttaatgggcgaacagcccaacccttgggaccgactacagccccaggatgcgacgagccgacatcgaggtgccaaacctccccgtcgatgtgaactcttgggggagataagcctgttatccccagggtagcttttatccgttgagcgatggcccttccatacggaaccaccggatcactaagcccgactttcgtccctgctcgagttgtagctctcgcagtcaagctcccttatacctttacactctgcgaatgatttccaaccattctgagggaacctttgggcgcctccgttaccttttaggaggcgaccgccccagtcaaactgcccgtcagacactgtctccgatagggatcacctatctgggttagagtggccataacacaagggtagtatcccaacagcgtctccttcgaaactggcgtcccgatctcttagactcctacctatcctgtacatgtggtacagacactcaatatcaaactgcagtaaagctccatggggtctttccgtcctgtcgcgggtaacctgcatcttcacaggtactaaaatttcaccgagtctctcgttgagacagtgcccaaatcattacgcctttcgtgcgggtcggaacttacccgacaaggaatttcgctaccttaggaccgttatagttacggccgccgtttactggggcttcaattcataccttcgcttacgctaagcactcctcttaaccttccagcaccgggcaggcgtcaccccctatacatcatcttacgatttagcagagagctgtgtttttgataaacagttgcttgggcctattcactgcggctgacctaaagtcagcaccccttctcccgaagttacggggtcattttgccgagttccttaacgagagttctctcgctcacctgaggctactcgcctcgactacctgtgtcggtttgcggtacgggtagagtatgtttaaacgctagaagcttttcttggcagtgtgacgtcactaacttcgctactaaacttcgctccccatcacagctcaatgttatagaattaagcatttgactcaattcacacctcactgcttagacagactcttccaatcgtctgctttagttagcctactgcgtccctccatcactacatactctagtacaggaatatcaacctgttgtccatcggatacacctttcggtctctccttaggtcccgactaacccagggcggacgagccttcccctggaaaccttagtcttacggtggacaggattctcacctgtctttcgctactcataccggcattctcacttctatgcgttccagcactcctcacggtataccttcatcacacatagaacgctctcctaccatacctataaaggtatccacagcttcggtaaattgttttagccccggtacattttcggcgcagggtcactcgactagtgagctattacgcactctttgaatgaatagctgcttctaagctaacatcctagttgtctgtgcaaccccacatccttttccacttaacaattattttgggaccttagctggtggtctgggctgtttccctttcgactacggatcttagcactcgcagtctgactgccgaccataattcattggcattcggagtttatctgagattggtaatccgggatggacccctcacccaaacagtgctctacctccaagaatctctaatgtcgacgctagccctaaagctatttcggagagaaccagctatctccaagttcgtttggaatttctccgctacccacaagtcatccaagcacttttcaacgtgccctggttcggtcctccagtgcgtcttaccgcaccttcaacctgctcatgggtaggtcacatggtttcgggtctacgtcatgatactaattcgccctgttcagactcggtttccctacggctccgtctcttcaacttaacctcgcatcataacgtaactcgccggttcattctacaaaaggcacgctctcacccattaacgggctcgaacttgttgtaggcacacggtttcaggttctatttcactcccctcccggggtgcttttcacctttccctcacggtactggttcactatcggtcactagggagtatttagggttgggagatggtcctcccagattccgacgggatttcacgtgtcccgccgtactcaggatactgctaggtacaaagactattttaaatacgaggctattactctctttggctgatcttcccaaatcattcttctataatctttgagtccacattgcagtcctacaaccccgaagagtaaactcttcggtttgcccttctgccgtttcgctcgccgctactaaggcaatcgcttttgctttctcttcctgcagctacttagatgtttcagttcactgcgtcttcctcctcacatccttaacagatgtgggtaacaggtattacctgttgggttcccccattcggaaatccctggatcatcgcttacttacagctacccaaggtatatcgtcgtttgtcacgtccttcgtcggctcctagtgccaaggcatccaccgtgcgcccttattaacttaacct	A2114G,A2115G,C2630A,C2630G
MACROLIDE_OXAZOLIDINONE	NC_004431.1@23S_ribosomal_RNA@23S:237160-240064	ggttaagcgactaagcgtacacggtggatgccctggcagtcagaggcgatgaaggacgtgctaatctgcgataagcgtcggtaaggtgatatgaaccgttataaccggcgatttccgaatggggaaacccagtgtgtttcgacacactatcattaactgaatccataggttaatgaggcgaaccgggggaactgaaacatctaagtaccccgaggaaaagaaatcaaccgagattcccccagtagcggcgagcgaacggggaggagcccagagcctgaatcagtgtgtgtgttagtggaagcgtctggaaaggcgcgcgatacagggtgacagccccgtacacaaaaatgcacatgctgtgagctcgatgagtagggcgggacacgtggtatcctgtctgaatatggggggaccatcctccaaggctaaatactcctgactgaccgatagtgaaccagtaccgtgagggaaaggcgaaaagaaccccggcgaggggagtgaaaaagaacctgaaaccgtgtacgtacaagcagtgggagcatgcttaggcgtgtgactgcgtaccttttgtataatgggtcagcgacttatattctgtagcaaggttaaccgaataggggagccgaagggaaaccgagtcttaactgggcgttaagttgcagggtatagacccgaaacccggtgatctagccatgggcaggttgaaggttgggtaacactaactggaggaccgaaccgactaatgttgaaaaattagcggatgacttgtggctgggggtgaaaggccaatcaaaccgggagatagctggttctccccgaaagctatttaggtagcgcctcgtgaactcatctccgggggtagagcactgtttcggcaagggggtcatcccgacttaccaacccgatgcaaactgcgaataccggagaatgttatcacgggagacacacggcgggtgctaacgtccgtcgngaagagggaaacaacccagaccgccagctaaggtcccaaagtcatggttaagtgggaaacgatgtgggaaggcccagacagccaggatgttggcttagaagcagccatcatttaaagaaagcgtaatagctcactggtcgagtcggcctgcgcggaagatgtaacggggctaaaccatgcaccgaagctgcggcagcgacgcttatgcgttgttgggtaggggagcgttctgtaagcctgtgaaggtgtactgtgaggtatgctggaggtatcagaagtgcgaatgctgacataagtaacgataaagcgggtgaaaagcccgctcgccggaagaccaagggttcctgtccaacgttaatcggggcagggtgagtcgacccctaaggcgaggccgaaaggcgtagtcgatgggaaacaggttaatattcctgtacttggtgttactgcgaaggggggacggagaaggctatgttggccgggcgacggttgtcccggtttaagcgtgtaggctggttttccaggcaaatccggaaaatcaaggctgaggcgtgatgacgaggcactacggtgctgaagcaacaaatgccctgcttccaggaaaagcctctaagcatcaggtaacatcaaatcgtaccccaaaccgacacaggtggtcaggtagagaataccaaggcgcttgagagaactcgggtgaaggaactaggcaaaatggtgccgtaacttcgggagaaggcacgctgatatgtaggtgaagcgacttgctcgtggagctgaaatcagtcgaagataccagctggctgcaactgtttattaaaaacacagcactgtgcaaacacgaaagtggacgtatacggtgtgacgcctgcccggtgccggaaggttaattgatggggttagcgcaagcgaagctcttgatcgaagccccggtaaacggcggccgtaactataacggtcctaaggtagcgaaattccttgtcgggtaagttccgacctgcacgaatggcgtaatgatggccaggctgtctccacccgagactcagtgaaattgaactcgctgtgaagatgcagtgtacccgcggcaagacggaaagaccccgtgaacctttactatagcttgacactgaacattgagccttgatgtgtaggataggtgggaggctttgaagtgtggacgccagtctgcatggagccgaccttgaaataccaccctttaatgtttgatgttctaacgttgacccgtaatccgggttgcggacagtgtctggtgggtagtttgactggggcggtctcctcctaaagagtaacggaggagcacgaaggttggctaatcctggtcggacatcaggaggttagtgcaatggcataagccagcttgactgcgagcgtgacggcgcgagcaggtgcgaaagcaggtcatagtgatccggtggttctgaatggaagggccatcgctcaacggataaaaggtactccggggataacaggctgataccgcccaagagttcatatcgacggcggtgtttggcacctcgatgtcggctcatcacatcctggggctgaagtaggtcccaagggtatggctgttcgccatttaaagtggtacgcgagctgggtttagaacgtcgtgagacagttcggtccctatctgccgtgggcgctggagaactgaggggggctgctcctagtacgagaggaccggagtggacgcatcactggtgttcgggttgtcatgccaatggcactgcccggtagctaaatgcggaagagataagtgctgaaagcatctaagcacgaaacttgccccgagatgagttctccctgactccttgagggtcctgaaggaacgttgaagacgacgacgttgataggccgggtgtgtaagcgcagcgatgcgttgagctaaccggtactaatgaaccgtgaggcttaacctta	G2032T
MACROLIDE_STREPTOGRAMIN	NZ_CP018347.1@23S_ribosomal_RNA@23S:32347-35250	tttggataagtcctcgagctattagtattagtccgctacatgtgtcgccacacttccacttctaacctatctacctgatcatctctcagggctcttactgatatataatcatgggaaatctcatcttgaggtgggtttcacacttagatgctttcagcgtttatcccttccctacatagctacccagcgatgcctttggcaagacaactggtacaccagcggtaagtccactctggtcctctcgtactaggagcagatcctctcaaatttcctacgcccgcgacggatagggaccgaactgtctcacgacgttctgaacccagctcgcgtgccgctttaatgggcgaacagcccaacccttgggaccgactacagccccaggatgcgacgagccgacatcgaggtgccaaacctccccgtcgatgtgaactcttgggggagataagcctgttatccccagggtagcttttatccgttgagcgatggcccttccatacggaaccaccggatcactaagcccgactttcgtccctgctcgagttgtagctctcgcagtcaagctcccttatacctttacactctgcgaatgatttccaaccattctgagggaacctttgggcgcctccgttaccttttaggaggcgaccgccccagtcaaactgcccgtcagacactgtctccgatagggatcacctatctgggttagagtggccataacacaagggtagtatcccaacagcgtctccttcgaaactggcgtcccgatctcttagactcctacctatcctgtacatgtggtacagacactcaatatcaaactgcagtaaagctccatggggtctttccgtcctgtcgcgggtaacctgcatcttcacaggtactaaaatttcaccgagtctctcgttgagacagtgcccaaatcattacgcctttcgtgcgggtcggaacttacccgacaaggaatttcgctaccttaggaccgttatagttacggccgccgtttactggggcttcaattcataccttcgcttacgctaagcactcctcttaaccttccagcaccgggcaggcgtcaccccctatacatcatcttacgatttagcagagagctgtgtttttgataaacagttgcttgggcctattcactgcggctgacctaaagtcagcaccccttctcccgaagttacggggtcattttgccgagttccttaacgagagttctctcgctcacctgaggctactcgcctcgactacctgtgtcggtttgcggtacgggtagagtatgtttaaacgctagaagcttttcttggcagtgtgacgtcactaacttcgctactaaacttcgctccccatcacagctcaatgttatagaattaagcatttgactcaattcacacctcactgcttagacagactcttccaatcgtctgctttagttagcctactgcgtccctccatcactacatactctagtacaggaatatcaacctgttgtccatcggatacacctttcggtctctccttaggtcccgactaacccagggcggacgagccttcccctggaaaccttagtcttacggtggacaggattctcacctgtctttcgctactcataccggcattctcacttctatgcgttccagcactcctcacggtataccttcatcacacatagaacgctctcctaccatacctataaaggtatccacagcttcggtaaattgttttagccccggtacattttcggcgcagggtcactcgactagtgagctattacgcactctttgaatgaatagctgcttctaagctaacatcctagttgtctgtgcaaccccacatccttttccacttaacaattattttgggaccttagctggtggtctgggctgtttccctttcgactacggatcttagcactcgcagtctgactgccgaccataattcattggcattcggagtttatctgagattggtaatccgggatggacccctcacccaaacagtgctctacctccaagaatctctaatgtcgacgctagccctaaagctatttcggagagaaccagctatctccaagttcgtttggaatttctccgctacccacaagtcatccaagcacttttcaacgtgccctggttcggtcctccagtgcgtcttaccgcaccttcaacctgctcatgggtaggtcacatggtttcgggtctacgtcatgatactaattcgccctgttcagactcggtttccctacggctccgtctcttcaacttaacctcgcatcataacgtaactcgccggttcattctacaaaaggcacgctctcacccattaacgggctcgaacttgttgtaggcacacggtttcaggttctatttcactcccctcccggggtgcttttcacctttccctcacggtactggttcactatcggtcactagggagtatttagggttgggagatggtcctcccagattccgacgggatttcacgtgtcccgccgtactcaggatactgctaggtacaaagactattttaaatacgaggctattactctctttggctgatcttcccaaatcattcttctataatctttgagtccacattgcagtcctacaaccccgaagagtaaactcttcggtttgcccttctgccgtttcgctcgccgctactaaggcaatcgcttttgctttctcttcctgcagctacttagatgtttcagttcactgcgtcttcctcctcacatccttaacagatgtgggtaacaggtattacctgttgggttcccccattcggaaatccctggatcatcgcttacttacagctacccaaggtatatcgtcgtttgtcacgtccttcgtcggctcctagtgccaaggcatccaccgtgcgcccttattaacttaacct	A2118G
MULTIDRUG	NC_004431.1@23S_ribosomal_RNA@23S:237160-240064	ggttaagcgactaagcgtacacggtggatgccctggcagtcagaggcgatgaaggacgtgctaatctgcgataagcgtcggtaaggtgatatgaaccgttataaccggcgatttccgaatggggaaacccagtgtgtttcgacacactatcattaactgaatccataggttaatgaggcgaaccgggggaactgaaacatctaagtaccccgaggaaaagaaatcaaccgagattcccccagtagcggcgagcgaacggggaggagcccagagcctgaatcagtgtgtgtgttagtggaagcgtctggaaaggcgcgcgatacagggtgacagccccgtacacaaaaatgcacatgctgtgagctcgatgagtagggcgggacacgtggtatcctgtctgaatatggggggaccatcctccaaggctaaatactcctgactgaccgatagtgaaccagtaccgtgagggaaaggcgaaaagaaccccggcgaggggagtgaaaaagaacctgaaaccgtgtacgtacaagcagtgggagcatgcttaggcgtgtgactgcgtaccttttgtataatgggtcagcgacttatattctgtagcaaggttaaccgaataggggagccgaagggaaaccgagtcttaactgggcgttaagttgcagggtatagacccgaaacccggtgatctagccatgggcaggttgaaggttgggtaacactaactggaggaccgaaccgactaatgttgaaaaattagcggatgacttgtggctgggggtgaaaggccaatcaaaccgggagatagctggttctccccgaaagctatttaggtagcgcctcgtgaactcatctccgggggtagagcactgtttcggcaagggggtcatcccgacttaccaacccgatgcaaactgcgaataccggagaatgttatcacgggagacacacggcgggtgctaacgtccgtcgngaagagggaaacaacccagaccgccagctaaggtcccaaagtcatggttaagtgggaaacgatgtgggaaggcccagacagccaggatgttggcttagaagcagccatcatttaaagaaagcgtaatagctcactggtcgagtcggcctgcgcggaagatgtaacggggctaaaccatgcaccgaagctgcggcagcgacgcttatgcgttgttgggtaggggagcgttctgtaagcctgtgaaggtgtactgtgaggtatgctggaggtatcagaagtgcgaatgctgacataagtaacgataaagcgggtgaaaagcccgctcgccggaagaccaagggttcctgtccaacgttaatcggggcagggtgagtcgacccctaaggcgaggccgaaaggcgtagtcgatgggaaacaggttaatattcctgtacttggtgttactgcgaaggggggacggagaaggctatgttggccgggcgacggttgtcccggtttaagcgtgtaggctggttttccaggcaaatccggaaaatcaaggctgaggcgtgatgacgaggcactacggtgctgaagcaacaaatgccctgcttccaggaaaagcctctaagcatcaggtaacatcaaatcgtaccccaaaccgacacaggtggtcaggtagagaataccaaggcgcttgagagaactcgggtgaaggaactaggcaaaatggtgccgtaacttcgggagaaggcacgctgatatgtaggtgaagcgacttgctcgtggagctgaaatcagtcgaagataccagctggctgcaactgtttattaaaaacacagcactgtgcaaacacgaaagtggacgtatacggtgtgacgcctgcccggtgccggaaggttaattgatggggttagcgcaagcgaagctcttgatcgaagccccggtaaacggcggccgtaactataacggtcctaaggtagcgaaattccttgtcgggtaagttccgacctgcacgaatggcgtaatgatggccaggctgtctccacccgagactcagtgaaattgaactcgctgtgaagatgcagtgtacccgcggcaagacggaaagaccccgtgaacctttactatagcttgacactgaacattgagccttgatgtgtaggataggtgggaggctttgaagtgtggacgccagtctgcatggagccgaccttgaaataccaccctttaatgtttgatgttctaacgttgacccgtaatccgggttgcggacagtgtctggtgggtagtttgactggggcggtctcctcctaaagagtaacggaggagcacgaaggttggctaatcctggtcggacatcaggaggttagtgcaatggcataagccagcttgactgcgagcgtgacggcgcgagcaggtgcgaaagcaggtcatagtgatccggtggttctgaatggaagggccatcgctcaacggataaaaggtactccggggataacaggctgataccgcccaagagttcatatcgacggcggtgtttggcacctcgatgtcggctcatcacatcctggggctgaagtaggtcccaagggtatggctgttcgccatttaaagtggtacgcgagctgggtttagaacgtcgtgagacagttcggtccctatctgccgtgggcgctggagaactgaggggggctgctcctagtacgagaggaccggagtggacgcatcactggtgttcgggttgtcatgccaatggcactgcccggtagctaaatgcggaagagataagtgctgaaagcatctaagcacgaaacttgccccgagatgagttctccctgactccttgagggtcctgaaggaacgttgaagacgacgacgttgataggccgggtgtgtaagcgcagcgatgcgttgagctaaccggtactaatgaaccgtgaggcttaacctta	G2057A
NITROIMIDAZOLE	NZ_CP037853.1@nimB_promoter_region@nimB:2640793-2641193	tcgataacttccccttcttatagacatgcttactaccttaaataacaagaaaccagctattaaatttattagtattgtttgtactactctaacaataatatcataaataaacctccaaatagcttctctttcactaccttttatcttaaactatatttttttcttaaaatttgtaaaaaacatagcataatctttataaatgttctaaaatttaatttaagcatcaaaattagaaaggatgatattatgtttaaagaaatgagattgaaaaaaagagaaatgacaaaagaagatactgttgaagtattaaaaaatggtgaatttggtactttttccactatatctgaaaatggttatccttatggagttgctgtaaattatgtatactttaatgattctat	T204G
OXAZOLIDINONE	NC_004431.1@23S_ribosomal_RNA@23S:237160-240064	ggttaagcgactaagcgtacacggtggatgccctggcagtcagaggcgatgaaggacgtgctaatctgcgataagcgtcggtaaggtgatatgaaccgttataaccggcgatttccgaatggggaaacccagtgtgtttcgacacactatcattaactgaatccataggttaatgaggcgaaccgggggaactgaaacatctaagtaccccgaggaaaagaaatcaaccgagattcccccagtagcggcgagcgaacggggaggagcccagagcctgaatcagtgtgtgtgttagtggaagcgtctggaaaggcgcgcgatacagggtgacagccccgtacacaaaaatgcacatgctgtgagctcgatgagtagggcgggacacgtggtatcctgtctgaatatggggggaccatcctccaaggctaaatactcctgactgaccgatagtgaaccagtaccgtgagggaaaggcgaaaagaaccccggcgaggggagtgaaaaagaacctgaaaccgtgtacgtacaagcagtgggagcatgcttaggcgtgtgactgcgtaccttttgtataatgggtcagcgacttatattctgtagcaaggttaaccgaataggggagccgaagggaaaccgagtcttaactgggcgttaagttgcagggtatagacccgaaacccggtgatctagccatgggcaggttgaaggttgggtaacactaactggaggaccgaaccgactaatgttgaaaaattagcggatgacttgtggctgggggtgaaaggccaatcaaaccgggagatagctggttctccccgaaagctatttaggtagcgcctcgtgaactcatctccgggggtagagcactgtttcggcaagggggtcatcccgacttaccaacccgatgcaaactgcgaataccggagaatgttatcacgggagacacacggcgggtgctaacgtccgtcgngaagagggaaacaacccagaccgccagctaaggtcccaaagtcatggttaagtgggaaacgatgtgggaaggcccagacagccaggatgttggcttagaagcagccatcatttaaagaaagcgtaatagctcactggtcgagtcggcctgcgcggaagatgtaacggggctaaaccatgcaccgaagctgcggcagcgacgcttatgcgttgttgggtaggggagcgttctgtaagcctgtgaaggtgtactgtgaggtatgctggaggtatcagaagtgcgaatgctgacataagtaacgataaagcgggtgaaaagcccgctcgccggaagaccaagggttcctgtccaacgttaatcggggcagggtgagtcgacccctaaggcgaggccgaaaggcgtagtcgatgggaaacaggttaatattcctgtacttggtgttactgcgaaggggggacggagaaggctatgttggccgggcgacggttgtcccggtttaagcgtgtaggctggttttccaggcaaatccggaaaatcaaggctgaggcgtgatgacgaggcactacggtgctgaagcaacaaatgccctgcttccaggaaaagcctctaagcatcaggtaacatcaaatcgtaccccaaaccgacacaggtggtcaggtagagaataccaaggcgcttgagagaactcgggtgaaggaactaggcaaaatggtgccgtaacttcgggagaaggcacgctgatatgtaggtgaagcgacttgctcgtggagctgaaatcagtcgaagataccagctggctgcaactgtttattaaaaacacagcactgtgcaaacacgaaagtggacgtatacggtgtgacgcctgcccggtgccggaaggttaattgatggggttagcgcaagcgaagctcttgatcgaagccccggtaaacggcggccgtaactataacggtcctaaggtagcgaaattccttgtcgggtaagttccgacctgcacgaatggcgtaatgatggccaggctgtctccacccgagactcagtgaaattgaactcgctgtgaagatgcagtgtacccgcggcaagacggaaagaccccgtgaacctttactatagcttgacactgaacattgagccttgatgtgtaggataggtgggaggctttgaagtgtggacgccagtctgcatggagccgaccttgaaataccaccctttaatgtttgatgttctaacgttgacccgtaatccgggttgcggacagtgtctggtgggtagtttgactggggcggtctcctcctaaagagtaacggaggagcacgaaggttggctaatcctggtcggacatcaggaggttagtgcaatggcataagccagcttgactgcgagcgtgacggcgcgagcaggtgcgaaagcaggtcatagtgatccggtggttctgaatggaagggccatcgctcaacggataaaaggtactccggggataacaggctgataccgcccaagagttcatatcgacggcggtgtttggcacctcgatgtcggctcatcacatcctggggctgaagtaggtcccaagggtatggctgttcgccatttaaagtggtacgcgagctgggtttagaacgtcgtgagacagttcggtccctatctgccgtgggcgctggagaactgaggggggctgctcctagtacgagaggaccggagtggacgcatcactggtgttcgggttgtcatgccaatggcactgcccggtagctaaatgcggaagagataagtgctgaaagcatctaagcacgaaacttgccccgagatgagttctccctgactccttgagggtcctgaaggaacgttgaagacgacgacgttgataggccgggtgtgtaagcgcagcgatgcgttgagctaaccggtactaatgaaccgtgaggcttaacctta	G2032C,G2447T
OXAZOLIDINONE	NZ_CP009828.1@23S_ribosomal_RNA@23S:497114-500039	agattaagttattaagggcgcacggtggatgccttggcactagaagccgatgaaggacgttactaacgacgatatgctttggggagctgtaagtaagctttgatccagagatttccgaatggggaaacccagcatgagttatgtcatgttatcgatatgtgaatacatagcatatcagaaggcacacccggagaactgaaacatcttagtacccggaggaagagaaagaaaattcgattcccttagtagcggcgagcgaaacgggaagagcccaaaccaacaagcttgcttgttggggttgtaggacactctatacggagttacaaaggacgacattagacgaatcatctggaaagatgaatcaaagaaggtaataatcctgtagtcgaaaatgttgtctctcttgagtggatcctgagtacgacggagcacgtgaaattccgtcggaatctgggaggaccatctcctaaggctaaatactctctagtgaccgatagtgaaccagtaccgtgagggaaaggtgaaaagcaccccggaaggggagtgaaatagaacctgaaaccgtgtgcttacaagtagtcagagcccgttaatgggtgatggcgtgccttttgtagaatgaaccggcgagttacgatttgatgcaaggttaagcagtaaatgtggagccgtagcgaaagcgagtctgaatagggcgtttagtatttggtcgtagacccgaaaccaggtgatctacccttggtcaggttgaagttcaggtaacactgaatggaggaccgaaccgacttacgttgaaaagtgagcggatgaactgagggtagcggagaaattccaatcgaacctggagatagctggttctctccgaaatagctttagggctagcctcaagtgatgattattggaggtagagcactgtttggacgaggggcccctctcgggttaccgaattcagacaaactccgaatgccaattaatttaacttgggagtcagaacatgggtgataaggtccgtgttcgaaagggaaacagcccagaccaccagctaaggtcccaaaatatatgttaagtggaaaaggatgtggcgttgcccagacaactaggatgttggcttagaagcagccatcatttaaagagtgcgtaatagctcactagtcgagtgacactgcgccgaaaatgtaccggggctaaacatattaccgaagctgtggattgtcctttggacaatggtaggagagcgttctaagggcgttgaagcatgatcgtaaggacatgtggagcgcttagaagtgagaatgccggtgtgagtagcgaaagacgggtgagaatcccgtccaccgattgactaaggtttccagaggaaggctcgtccgctctgggttagtcgggtcctaagctgaggccgacaggcgtaggcgatggataacaggttgatattcctgtaccacctataatcgttttaatcgatggggggacgcagtaggataggcgaagcgtgcgattggattgcacgtctaagcagtaaggctgagtattaggcaaatccggtactcgttaaggctgagctgtgatggggagaagacattgtgtcttcgagtcgttgatttcacactgccgagaaaagcctctagatagaaaataggtgcccgtaccgcaaaccgacacaggtagtcaagatgagaattctaaggtgagcgagcgaactctcgttaaggaactcggcaaaatgaccccgtaacttcgggagaaggggtgctctttagggttaacgcccagaagagccgcagtgaataggcccaagcgactgtttatcaaaaacacaggtctctgctaaaccgtaaggtgatgtataggggctgacgcctgcccggtgctggaaggttaagaggagtggttagcttctgcgaagctacgaatcgaagccccagtaaacggcggccgtaactataacggtcctaaggtagcgaaattccttgtcgggtaagttccgacccgcacgaaaggcgtaacgatttgggcactgtctcaacgagagactcggtgaaatcatagtacctgtgaagatgcaggttacccgcgacaggacggaaagaccccgtggagctttactgtagcctgatattgaaattcggcacagcttgtacaggataggtaggagcctttgaaacgtgagcgctagcttacgtggaggcgctggtgggatactaccctagctgtgttggctttctaacccgcaccacttatcgtggtgggagacagtgtcaggcgggcagtttgactggggcggtcgcctcctaaaaggtaacggaggcgctcaaaggttccctcagaatggttggaaatcattcatagagtgtaaaggcataagggagcttgactgcgagacctacaagtcgagcagggtcgaaagacggacttagtgatccggtggttccgcatggaagggccatcgctcaacggataaaagctaccccggggataacaggcttatctcccccaagagttcacatcgacggggaggtttggcacctcgatgtcggctcatcgcatcctggggctgtagtcggtcccaagggttgggctgttcgcccattaaagcggtacgcgagctgggttcagaacgtcgtgagacagttcggtccctatccgtcgtgggcgtaggaaatttgagaggagctgtccttagtacgagaggaccgggatggacatacctctggtgtaccagttgtcgtgccaacggcatagctgggtagctatgtgtggacgggataagtgctgaaagcatctaagcatgaagcccccctcaagatgagatttcccaacttcggttataagatccctcaaagatgatgaggttaataggttcgaggtggaagcatggtgacatgtggagctgacgaatactaatcgatcgaagacttaatcaaaa	C2220T,G2475T,T2501A,T2528A,A2531G,T2532C,G2533A,G2577T,C2579T,G2604T,G2794T
OXAZOLIDINONE	NZ_CP041261.2@23S_ribosomal_RNA@23S:423530-426430	ggcgcacggtggatgccttggcactaggagccgatgaaggacgggactaacaccgatatgctttggggagctgtacgtaagctatgatccagagatttccgaatgggggaacccaacatctttaataggatgttacgattgtgtgaatacatagcacattcgaggtagacgcagagaactgaaacatctaagtacctgcaggaagagaaagaaaattcgattccctgagtagcggcgagcgaaacgggaaaagcccaaaccagcaagcttgcttgttggggttgtaggactccaatatggtagttctttcagatagtcgaatgacttggaaaagtcagtcaaagagggtaaaaaccccgtagacgaaatgtggaagacacctaggaggatcctgagtacggcggaacacgagaaattccgtcggaatccgggaggaccatctcccaaggctaaatactccctagtgaccgatagtgaaccagtaccgtgagggaaaggtgaaaagcaccccggaaggggagtgaaatagaacctgaaaccgtgtgcctacaacaagtcaaagcccgttaatgggtgatggcgtgccttttgtagaatgaaccggcgagttacgattgcatgcgaggttaagttgaagagacggagccgcagcgaaagcgagtctgaatagggcgtttgagtatgtagtcgtagacccgaaaccatgtgatctacccatgtccaggttgaaggtgcggtaaaacgcactggaggaccgaacccacgtacgttgaaaagtgcggggatgaggtgtgggtagcggagaaattccaaacgaacttggagatagctggttctctccgaaatagctttagggctagcctcggaattgagaatgatggaggtagagcactgtttggactaggggcccatctcgggttaccgaattcagataaactccgaatgccattcattcatatccgggagtcagactgtgagtgataagatccatagtcgaaagggaaacagcccagaccaccagctaaggtcccaaaatatatgttaagtggaaaaggatgtggggttgcacagacaactaggatgttggcttagaagcagccaccatttaaagagtgcgtaatagctcactagtcgagtgaccctgcgccgaaaatgtaccggggctaaacatattaccgaagctgtggagtacacctttaggtgtattggtaggagagcgttctaagggcgttgaaggcagatcgtgaggactgctggagcgcttagaagtgagaatgccggtatgagtagcgaaagacaggtgagaatcctgtccaccgaatgactaaggtttcctggggaaggctcgtccgcccagggttagtcgggacctaagccgaggccgacaggcgtaggcgatggataacaggttgatattcctgtacccgttgtttttgtttgagcaatggagggacgcaggaggctaaggaatgcagacgatcggaaatgtctgtccaagcagtaagtctgaagaggagtcaaatgcttcttttcttaaggacaagctgtgatggggagggaaataatagtaccgaagttcctgatgtcacactgccgagaaaagcttctagtgagaaaacagcggcccgtaccgcaaaccgacacaggtagtcgaggagagaatcctaaggtgagcgagagaactctcgttaaggaactcggcaaaatgaccccgtaacttcgggagaaggggtgctgatcatacgatcagccgcagtgaataggcccaagcgactgtttatcaaaaacacaggtctctgcaaaatcgtaagatgaagtataggggctgacgcctgcccggtgctggaaggttaagaggagtgcttagcgcaagcgaaggtacgaattgaagccccagtaaacggcggccgtaactataacggtcctaaggtagcgaaattccttgtcgggtaagttccgacccgcacgaaaggcgtaacgatttgggcactgtctcaacgagagactcggtgaaattttagtacctgtgaagatgcaggttacccgcgacaggacggaaagaccccatggagctttactgtagtttgatattgagtgtctgtaccgcatgtacaggataggtaggagccgtagaaatcggaacgctagtttcgatggaggcgctggtgggatactacccctgcgttatggccactctaacccgcaccactaatcgtggtgggagacagtgtcagatgggcagtttgactggggcggtcgcctcctaaaaggtaacggaggcgcccaaaggttccctcagaatggttggaaatcattcgaagagtgtaaaggcagaagggagcttgactgcgagaccaacaagtcgagcagggacgaaagtcgggcttagtgatccggtggttccgcatggaagggccatcgctcaacggataaaagctaccctggggataacaggcttatctcccccaagagtccacatcgacggggaggtttggcacctcgatgtcggctcgtcgcatcctggggctgtagtcggtcccaagggttgggctgttcgcccattaaagcggcacgcgagctgggttcagaacgtcgtgagacagttcggtccctatccgtcgcgggcgttggaaatttgagaggagctgtccttagtacgagaggaccgggatggacttaccgctggtgtaccagttgttctgccaagggcattgctgggtagctatgtagggaagggataaacgctgaaagcatctaagtgtgaagcccacctcaagatgagatttcccatttctttaagaaagtaagatccctgagagatgatcaggtagataggtcaggagtggaagtacagtgatgtatggagcggactgatactaatcgatcgaggacttaaccaat	G2505A,G2576T
OXAZOLIDINONE	NZ_CP041738.1@23S_ribosomal_RNA@23S:216195-219090	agggcgcacggtggatgccttggcactaggagccgatgaaggacgggactaacaccgatatgctttggggagctgtaagtaagctatgatccagagatttccgaatgggggaacccaatatcttttataggatattacttttcagtgaatacatagctgattagaggtagacgcagagaactgaaacatcttagtacctgcaggaagagaaagaaaattcgattccctgagtagcggcgagcgaaacgggaagagcccaaaccaacaagcttgcttgttggggttgtaggactccaatatggtagtctgttagtatagttgaaggatttggaaaattccgctaaagagggtgaaagccccgtagacgaaatgctgacaacacctaggaggatcctgagtacggcggaacacgagaaattccgtcggaatccgcggggaccatcccgcaaggctaaatactccctagtgaccgatagtgaaccagtaccgtgagggaaaggtgaaaagcaccccggaaggggagtgaaatagatcctgaaaccgtgtgcctacaacaagtcaaagctcgttaatgagtgatggcgtgccttttgtagaatgaaccggcgagttacgattgcatgcgaggttaagtcgaagagacggagccgcagcgaaagcgagtctgaatagggcgaatgagtatgtagtcgtagacccgaaaccatgtgatctacccatgtccaggttgaaggtgcggtaaaacgcactggaggaccgaacccacgtacgttgaaaagtgcggggatgaggtgtgggtagcggagaaattccaaacgaacttggagatagctggttctctccgaaatagctttagggctagcctcggaattgagaatgatggaggtagagcactgtttggactaggggcccatctcgggttaccgaattcagataaactccgaatgccattcatttatatccgggagtcagactgcgagtgataagatccgtagtcgaaagggaaacagcccagaccaccagctaaggtcccaaaatatatgttaagtggaaaaggatgtggggttgcacagacaactaggatgttggcttagaagcagccaccatttaaagagtgcgtaatagctcactagtcgagtgaccctgcgccgaaaatgtaccggggctaaacatattaccgaagctgtggactacaccattaggtgtagtggtaggagagcgttctaagggcgttgaaggtcgatcgtgaggacggctggagcgcttagaagtgagaatgccggtatgagtagcgaaagacaggtgagaatcctgtccaccgtatgactaaggtttcctggggaaggctcgtccgcccagggttagtcgggacctaagccgaggccgataggcgtaggcgatggacaacaggttgatattcctgtaccagttgtttttgtttgagcaatggagggacgcagtaggctaaggaatgcatgcgattggaagtgcatgtccaagcaatgagtcttgagtagagttaaatgctttactctttaaggacaagttgtgacggggagcgaaataatagtagcgaagttcctgatgtcacactgccaagaaaagcttctagtgagaaaacaactgcccgtaccgtaaaccgacacaggtagtcgaggagagtatcctaaggtgagcgagcgaactctcgttaaggaactcggcaaaatgaccccgtaacttcgggagaaggggtgctgacttcggtcagccgcagtgaataggcccaagcgactgtttatcaaaaacacaggtctctgcaaaatcgtaagatgaagtataggggctgacgcctgcccggtgctggaaggttaagaggatgggttagcttcggcgaagctcagaattgaagccccagtaaacggcggccgtaactataacggtcctaaggtagcgaaattccttgtcgggtaagttccgacccgcacgaaaggcgtaacgatttgggcactgtctcaacgagagactcggtgaaattttagtacctgtgaagatgcaggttacccgcgacaggacggaaagaccccatggagctttactgtagtttgatattgagtgtttgtaccacatgtacaggataggtaggagccgatgagaccggaacgctagtttcggaggaggcgctggtgggatactacccttgtgttatgaaccctctaacccgcaccactaatcgtggtgggagacagtgtcagatgggcagtttgactggggcggtcgcctcctaaaaggtaacggaggcgcccaaaggttccctcagaatggttggaaatcattcgaagagtgtaaaggcagaagggagcttgactgcgagacctacaagtcgagcagggacgaaagtcgggcttagtgatccggtggttccgcatggaagggccatcgctcaacggataaaagctaccctggggataacaggcttatctcccccaagagtccacatcgacggggaggtttggcacctcgatgtcggctcgtcgcatcctggggctgtagtcggtcccaagggttgggctgttcgcccattaaagcggcacgcgagctgggttcagaacgtcgtgagacagttcggtccctatccgtcgcgggcgttggaaatttgagaggagctgtccttagtacgagaggaccgggatggacttaccgctggtgtaccagttgttctgccaagggcattgctgggtagctatgtagggaagggataaacgctgaaagcatctaagtgtgaagcccacctcaagatgagatttcccatttctttaagaaagtaagacccctgagagatgattaggtagataggttggaagtggaaggctagtgatagttggagcggaccaatactaatcggtcgaggacttaa	G2505A,G2576T
QUINOLONE	NZ_AP023073.1@sodium-coupled_multidrug_efflux_MATE_transporter_NorM_promoter_region@norM:1198657-1198990	gagaatctgccttctgttttatcctgtaaacacaaaagactgcccgatccgcaatcagacggcatctttgccgcaacgcatcacgccgctgtcaaaacggcgatgcttccttccgattcagaatccgaacagcccctgtccgacggctcaatgccgtcaagtcgttaaaaccaaactttaccataaaatacacacaatctgaatatacttttataccccgtatccgccgtctgacggcacggtattttttactatataatgtgcaccattatttctcatcacttcccgctgccgtttttttgtttcagacggcatttttattgactgaacactt	C231T,A328G
TETRACYCLINE	NC_000913.3@16S_ribosomal_RNA@16S_rrsB:4166659-4168201	aaattgaagagtttgatcatggctcagattgaacgctggcggcaggcctaacacatgcaagtcgaacggtaacaggaagaagcttgcttctttgctgacgagtggcggacgggtgagtaatgtctgggaaactgcctgatggagggggataactactggaaacggtagctaataccgcataacgtcgcaagaccaaagagggggaccttcgggcctcttgccatcggatgtgcccagatgggattagctagtaggtggggtaacggctcacctaggcgacgatccctagctggtctgagaggatgaccagccacactggaactgagacacggtccagactcctacgggaggcagcagtggggaatattgcacaatgggcgcaagcctgatgcagccatgccgcgtgtatgaagaaggccttcgggttgtaaagtactttcagcggggaggaagggagtaaagttaatacctttgctcattgacgttacccgcagaagaagcaccggctaactccgtgccagcagccgcggtaatacggagggtgcaagcgttaatcggaattactgggcgtaaagcgcacgcaggcggtttgttaagtcagatgtgaaatccccgggctcaacctgggaactgcatctgatactggcaagcttgagtctcgtagaggggggtagaattccaggtgtagcggtgaaatgcgtagagatctggaggaataccggtggcgaaggcggccccctggacgaagactgacgctcaggtgcgaaagcgtggggagcaaacaggattagataccctggtagtccacgccgtaaacgatgtcgacttggaggttgtgcccttgaggcgtggcttccggagctaacgcgttaagtcgaccgcctggggagtacggccgcaaggttaaaactcaaatgaattgacgggggcccgcacaagcggtggagcatgtggtttaattcgatgcaacgcgaagaaccttacctggtcttgacatccacggaagttttcagagatgagaatgtgccttcgggaaccgtgagacaggtgctgcatggctgtcgtcagctcgtgttgtgaaatgttgggttaagtcccgcaacgagcgcaacccttatcctttgttgccagcggtccggccgggaactcaaaggagactgccagtgataaactggaggaaggtggggatgacgtcaagtcatcatggcccttacgaccagggctacacacgtgctacaatggcgcatacaaagagaagcgacctcgcgagagcaagcggacctcataaagtgcgtcgtagtccggattggagtctgcaactcgactccatgaagtcggaatcgctagtaatcgtggatcagaatgccacggtgaatacgttcccgggccttgtacacaccgcccgtcacaccatgggagtgggttgcaaaagaagtaggtagcttaaccttcgggagggcgcttaccactttgtgattcatgactggggtgaagtcgtaacaaggtaaccgtaggggaacctgcggttggatcacctccttac	A964G,G1053A,C1054T,A1055G,G1058C
