AMINOCOUMARIN	WP_000072067.1	R136C,R136E,R136G,R136H,R136I,R136L,R136S
AMINOCOUMARIN	WP_001837315.1	G78S,R136G
AMINOCOUMARIN	WP_010956585.1	I55S,G84S,I101S,S127L,R143I,R143S,T172A
AMINOGLYCOSIDE	WP_000246815.1	K43R,K43T
AMINOGLYCOSIDE	WP_002215445.1	T24P,V27-,K28E
AMINOGLYCOSIDE	WP_003093741.1	I61M,E100G,R371C,L438Q,Q455R,T456A,L464V,K504Q,G545D,Y552C,P554L,A555E,N592I,A595P,P618L,T671A,T671I,Q678L,R680C
AMINOGLYCOSIDE	WP_003096258.1	V121G,R182C
AMINOGLYCOSIDE	WP_003103878.1	G138D,G138L
AMINOGLYCOSIDE	WP_057042458.1	K43R,K88E,K88Q,K88R
AMINOGLYCOSIDE	WP_077233793.1	L142P
AZABICYCLOALKANE	WP_003112801.1	S133G,Q178R
BETA-LACTAM	WP_000137877.1	G23E
BETA-LACTAM	WP_000138348.1	S569A
BETA-LACTAM	WP_000227936.1	A515V,T526S
BETA-LACTAM	WP_000489247.1	Q42-,R86S
BETA-LACTAM	WP_000567963.1	A738T,R739S,G740R,S852Y,E933Q,G950R,I1084F
BETA-LACTAM	WP_000592303.1	I960V
BETA-LACTAM	WP_000642196.1	R335RVPYR,I336IKYRI,I336IPYRI,N337NYRIN,L350F,G363S,G363V,S365Y,A498T
BETA-LACTAM	WP_000675150.1	Y42H,R153P,F159L,Q163E,Q163H,Q163L,T175P
BETA-LACTAM	WP_000680577.1	S104N
BETA-LACTAM	WP_000776191.1	D354A
BETA-LACTAM	WP_000865568.1	Q82-,Q171-,R195L
BETA-LACTAM	WP_000918664.1	G639C,Q643P,R644H,H929Q,D949H,N967I,G1139D
BETA-LACTAM	WP_000977920.1	L15-,Q88-,G141D,G141E
BETA-LACTAM	WP_001081634.1	N182K
BETA-LACTAM	WP_001132507.1	Q176K
BETA-LACTAM	WP_001157751.1	G63S,G63V
BETA-LACTAM	WP_002218783.1	F504L,A510V,I515V,H541N,I566V
BETA-LACTAM	WP_002884747.1	R134P,R374S
BETA-LACTAM	WP_002912926.1	G75W,E133-,Y253CfsTer5ins7,W427-
BETA-LACTAM	WP_002913005.1	A21V,Q66-,Q70-,E78-,E87-,W125-,T126-,G133D,D135DD,D135DGD,T136TDT,T192-,T261-,L307-,Q313-,T333N
BETA-LACTAM	WP_002914072.1	W33-
BETA-LACTAM	WP_003088626.1	E8-,Q10-,V43A,G46S,Q69-,Q95-,Q103-,Q134-,W167-,G195E
BETA-LACTAM	WP_003088639.1	R101C
BETA-LACTAM	WP_003091272.1	W92R,L145P,L204P,N317H,I356A,L402P,T428P,G437D,W459-
BETA-LACTAM	WP_003091491.1	L16Q
BETA-LACTAM	WP_003092152.1	T11N,G45D,Q114-,F198L
BETA-LACTAM	WP_003094139.1	G63S,Y367C,S368L,H394R,A419G,N427L,N427S,L434V,A454V,Q458R,L461V,V471G,Q475R,R504C,R504L,F507L,V523A,V523M,P527S,F533L,S538L,A539T
BETA-LACTAM	WP_003096258.1	P381S
BETA-LACTAM	WP_003104896.1	G354V,Q604-
BETA-LACTAM	WP_003107312.1	R620C
BETA-LACTAM	WP_003112576.1	W6-,L11P,E32-,W65-,W138-,E140-,Q142-,Q158-,Q164-,E176-,E185-,Y196-,S223P,Q250-,S251-,E264-,W277-,S278P,Y283-,G307D,G317R,S319-,Q327-,P334S,W339-,Q340-,V359L,E386-,Q415-,W417-,Q424-,Q429-
BETA-LACTAM	WP_003112844.1	H36R,Q44-,E67-,H77Y,E108-,S114P,T139M,Q155-,H157Y
BETA-LACTAM	WP_003112850.1	Q548-
BETA-LACTAM	WP_003113318.1	V194L
BETA-LACTAM	WP_003113508.1	G287S
BETA-LACTAM	WP_003113589.1	L14Q
BETA-LACTAM	WP_003113837.1	K58E,G125D,S127P
BETA-LACTAM	WP_003114574.1	L22P,S136L
BETA-LACTAM	WP_003114897.1	Y3-,Q31-,Q49-,L57P,L57Q,C62-,R70Q,R83C,D89N,Q94-,G101E,Q106-,E109-,T130P
BETA-LACTAM	WP_003137572.1	R86C,D135G,D135N,G154R
BETA-LACTAM	WP_003687357.1	L421P
BETA-LACTAM	WP_003688264.1	DDDA92-,E98K
BETA-LACTAM	WP_003690105.1	P157L,G158V,R201H
BETA-LACTAM	WP_003693546.1	A311V,I312M,V316P,V316T,D346DD,T483S,A501AA,A501P,A501T,A501V,F504L,A510V,N512Y,A516G,G542S,G545S,P551L,P551S
BETA-LACTAM	WP_004141771.1	E132K,W230-
BETA-LACTAM	WP_004149058.1	D111V
BETA-LACTAM	WP_004193055.1	E21D,G30D,A47T,VAVC60-,L132P,ASLD153-,S166P,E190-
BETA-LACTAM	WP_004526226.1	D176A
BETA-LACTAM	WP_005119692.1	D89V
BETA-LACTAM	WP_005693446.1	V329A,A337V,D350N,S357N,A368T,M377I,S385T,L389F,A437S,T443A,I449V,G490E,A502T,R517H,N526H,N526K,K527N,A530S,T532S,G555E,Y557H,V562L
BETA-LACTAM	WP_006490721.1	A18E,L37F,V39A,S44G,P46T,L63P,H68Y,H74P,L75P,R79G,S81P,S120L,I121S,R167S,F191C
BETA-LACTAM	WP_013095890.1	E672L
BETA-LACTAM	WP_013097903.1	T175P
BETA-LACTAM	WP_013099331.1	G130A,P131L
BETA-LACTAM	WP_016532398.1	V355G,L367Q
BETA-LACTAM	WP_016729515.1	M496V,V497L,A694T,A694V,Y721C,Y721S,A778V,A795L,A795V
BETA-LACTAM	WP_017647104.1	Q557E
BETA-LACTAM	WP_023312417.1	T175P
BETA-LACTAM	WP_032462817.1	P601L
BETA-LACTAM	WP_052796726.1	G56D,N138ND
BETA-LACTAM	WP_058651097.1	I113S
BETA-LACTAM	WP_070676928.1	M426I,M485A,M485T,V586L,E629V
BETA-LACTAM	WP_106333382.1	G120D,G120K,G120P,G120R,A121D,A121G,A121H,A121N,A121P
BETA-LACTAM	WP_123090655.1	E183A,R200L,E218K,F241R
BETA-LACTAM	WP_317867775.1	R397C,I412L
BETA-LACTAM_MACROLIDE_TETRACYCLINE	WP_047924300.1	A39T,G45D,G45S
BETA-LACTAM_PHENICOL_QUINOLONE	WP_003088694.1	A68V,L89Q,H204L,N214K
BETA-LACTAM_PHENICOL_QUINOLONE	WP_077233793.1	S174P
BETA-LACTAM_PHENICOL_QUINOLONE_TETRACYCLINE	WP_004176968.1	D152Y
BETA-LACTAM_QUINOLONE_TETRACYCLINE	WP_003107312.1	V45L
BETA-LACTAM_QUINOLONE_TETRACYCLINE	WP_106333382.1	A121S
BETA-LACTAM_RIFAMYCIN	WP_000918664.1	A477V
COLISTIN	WP_000064875.1	G68D,Q72K,H159D,D233-
COLISTIN	WP_000161505.1	E8D,M12I
COLISTIN	WP_000240700.1	P30L
COLISTIN	WP_000559382.1	S17R,I164F,P170L,A226T,A227V,R231L,T232I,P233S,P233T,T235I,R263L,Q270P,G315D
COLISTIN	WP_000697899.1	G15R,G53E,G53R,R81C,R81H
COLISTIN	WP_001212189.1	RQRL11-,L14F,L14S,L22P,S29R,R89P,T92A,P94Q,E121A,S124P,N130Y,T147P,T147S,R155P,T156M,T156P,V161G,V161L,V161M,E166K,M186I,F203S,G206E,G206R,G206W,D250Y,S305R
COLISTIN	WP_001300761.1	RPISLR6-,L10P,L10R,L14Q,L14R,C84R,C84Y,T92P,P94A,P94L,P94Q,P94S,E121K,E121Q,T147A,T156M,A159P,A159V,V161G,E166K,G206D
COLISTIN	WP_002895659.1	S42N,G53C,G53S
COLISTIN	WP_002911375.1	A14S,L17R,W20R,L24H,M27K,C28F,C28Y,Q30-,D31N,V32G,F35I,G37S,C39-,C39Y,I45T,W47R
COLISTIN	WP_002911442.1	V30G
COLISTIN	WP_003082436.1	A110V,R117L,N188H,N188Y
COLISTIN	WP_003082438.1	N104I,K123Q,V152-,V260G,LG364-,I421-,D433-
COLISTIN	WP_003094037.1	A106V
COLISTIN	WP_003094039.1	D32N
COLISTIN	WP_003094842.1	R42H
COLISTIN	WP_003098126.1	M59I
COLISTIN	WP_003102236.1	L157Q
COLISTIN	WP_003105000.1	R241C
COLISTIN	WP_003112923.1	V9A,L14P,V15I,L17Q,D47-,A54V,L167P,G188D,L243Q,A247T,A248T,A248V,T253M,S257D,S257N,R259H,V281I,M292T,H340R,T343A,P456S
COLISTIN	WP_003113589.1	V295L,A296P,G361R
COLISTIN	WP_004140292.1	V43G
COLISTIN	WP_004147969.1	R16C,A20P,A20S,V24G,L26P,S56R,L96P,S174N,D266DD,L348Q,G385S,L396Q,D438N
COLISTIN	WP_004150807.1	V3F,D191Y,I201N
COLISTIN	WP_004179093.1	R14-,L17Q,L82R,S85R,ALNQLV129-,T140P,T157P,S208N,Y209-,D313N
COLISTIN	WP_004184324.1	Q10L,Y31H,F84S,L94M,W140R,N141I,N141Y,P151L,P151S,G183V,S195N
COLISTIN	WP_014906821.1	C161Y
COLISTIN	WP_031946942.1	R125P
COLISTIN	WP_094970923.1	G15R,S39I,G53A,G53C,G53E,G53R,G53S,G53V,G53W,A80V,R81L,R81S,L105P
EFFLUX	WP_031379793.1	N125K,R152K,T153M,Q163-,H189Y,I252S,G336S
EFFLUX	WP_031379794.1	D20N,P56S,A91V,P116L,L192R,E219A
FOSFOMYCIN	WP_000357259.1	C115D,C115E,C115S,L370I,D396N
FOSFOMYCIN	WP_000358006.1	L42-,V65A,G257D,D278E,E291D,Q362R,T396N
FOSFOMYCIN	WP_000623140.1	V25I
FOSFOMYCIN	WP_000633668.1	G97D
FOSFOMYCIN	WP_000879194.1	E350Q
FOSFOMYCIN	WP_001008722.1	G112E,W228-,Y314-,G358V,W425R
FOSFOMYCIN	WP_001010111.1	F3I,L27F,A100V,W137R,V213I,G352D,W355-,A434V
FOSFOMYCIN	WP_003096330.1	T211P
FOSMIDOMYCIN	WP_000281668.1	S352T
FUSIDIC_ACID	WP_000090315.1	F88L,V90A,V90I,P114H,Q115L,A160V,D189G,D189V,E233Q,D373N,A376V,T385N,D387I,P404L,P404Q,P406L,V407F,S416F,L430S,D434N,T436I,H438N,E444K,E444V,I449K,G451V,G452C,G452S,G452V,M453I,L456F,L456K,H457L,H457N,H457Q,H457Y,L461F,L461K,L461S,D463G,R464C,R464H,R464L,R464S,C473S,P478S,G556S,V607I,G617D,M651I,F652S,Y654N,A655E,A655P,A655V,T656K,R659C,R659H,R659L,R659S,G664S
FUSIDIC_ACID	WP_000091975.1	Q140L
GLYCOPEPTIDE	WP_003429485.1	D245Y
GLYCOPEPTIDE	WP_003436401.1	T115A
GLYCOPEPTIDE	WP_011861275.1	S333F,R334H,R334L,G339D,T369I
GLYCOPEPTIDE	WP_011861625.1	P107L
GLYCOPEPTIDE	WP_012816446.1	V183A,E238D
ISONIAZID_TRICLOSAN	WP_000506490.1	G93A,G93S,G93V,F203A,F203C,F203L
LIPOPEPTIDE	WP_000159119.1	D222N
LIPOPEPTIDE	WP_000567963.1	F632S,Q961K
LIPOPEPTIDE	WP_000571549.1	A23V,T33N,L52F,F60S
LIPOPEPTIDE	WP_000871610.1	L10F,S221P,R263C
LIPOPEPTIDE	WP_000918664.1	A621E,I953S,A1085V
LIPOPEPTIDE	WP_001025093.1	V59N,A64V,K66R,S177F
LIPOPEPTIDE	WP_002288092.1	S63C
LIPOPEPTIDE	WP_002288141.1	T641K
LIPOPEPTIDE	WP_002289153.1	S19F,W73C,E75K
LIPOPEPTIDE	WP_002289154.1	T120A,A180T,E192G,H264Q
LIPOPEPTIDE	WP_002289473.1	N13I,N13T,A20D,D27N,K59T,G178T,H215R,R218Q,R267H
LIPOPEPTIDE	WP_002295408.1	I144T
LIPOPEPTIDE	WP_002355137.1	D192N
LIPOPEPTIDE	WP_002356022.1	I440S
LIPOPEPTIDE	WP_002365182.1	A180T
LIPOPEPTIDE	WP_002381168.1	R177RI,R177-,T194I
LIPOPEPTIDE	WP_002389492.1	E554K
LIPOPEPTIDE	WP_002413481.1	NFQ77-,H215R,R218Q,R267H
LIPOPEPTIDE	WP_111724484.1	G61V,S295L,P314L,S337L,L341S,T345A,T345I,T345K,M347R,V351E,I420N,T472K,L826F
LIPOPEPTIDE_RIFAMYCIN	WP_002295964.1	G482D,H486Y
MACROLIDE	WP_001132507.1	R717L,R717Q
MACROLIDE	WP_002215424.1	K83KKGPSLK,K90KARAK
MACROLIDE	WP_002779996.1	A84D,R85RARAR,G86E,G86V,A88E,H97HTSH,A103V
MACROLIDE	WP_002843095.1	G86A
MACROLIDE	WP_002851146.1	G74D
MACROLIDE	WP_002851214.1	A84D,R85RARAR,G86E,G86V,A88E,H97HTSH,A103C,A103V
MACROLIDE	WP_003429485.1	R89G,D237Y,Q781R,D1127E
MACROLIDE	WP_003436174.1	Q1074K,Q1074R,V1143D,V1143F,V1143G,V1143L
MACROLIDE	WP_003690088.1	G70D
MACROLIDE	WP_086259262.1	R717L,R717Q
MACROLIDE_OXAZOLIDINONE_PHENICOL	WP_000024543.1	WR65-,KG68-
MULTIDRUG	WP_000019358.1	A12S
MULTIDRUG	WP_000019483.1	E52K
MULTIDRUG	WP_000101737.1	R45C
MULTIDRUG	WP_000113609.1	T18P,G25A,R46P,T50P,Y59H,M84I,E160D
MULTIDRUG	WP_000412428.1	R20H,G121D
MULTIDRUG	WP_000412686.1	R20H,G121D
MULTIDRUG	WP_000843414.1	S3N,E31-,V45E,I49S,A70T,R73C,R73S,R77C,R77L,L78M,R94H,R94S,V96E
MUPIROCIN	WP_000384706.1	H67Q,F563L,V588F,G593V,V631F,R816C
NITROFURAN	WP_000351450.1	F84S,W94-,G192D,G192S
NITROFURAN	WP_089631889.1	H11Y,R15C,S33R,Q44-,Q67-,E75-,Q113-,G126R,G131D,R133S,K141-,G154E,W159-,R203C,R203L,E223-
OXAZOLIDINONE	WP_000160212.1	G139R,S145DEL,G152D,G155R,M169L
PHENICOL	WP_015585966.1	G33A,A37V
PHENICOL_QUINOLONE_TRIMETHOPRIM	WP_010895622.1	G300S
PLEUROMUTILIN	WP_002296175.1	T450I
POLYKETIDE	WP_000031783.1	L121Q,Q125E,Q125K,Q125R,Y161C,Y161D,Y161N,R231C,R231V,R234F,R234S,G317D,Q330H,R334C,T335A,A376S,A376T,A376V,E379K
QUINOLONE	WP_000072047.1	Y421C,R438L,S464F,S464T,S464Y,E466D
QUINOLONE	WP_000072067.1	D426N,K447E
QUINOLONE	WP_000116450.1	G79C,S81L
QUINOLONE	WP_000195318.1	M438I,E454G,S458P,V461G,H462Y,A499T,V514G,V521F
QUINOLONE	WP_000202259.1	S84F,S84L,S84W,E88K
QUINOLONE	WP_000378442.1	L64R,L113P
QUINOLONE	WP_000819084.1	D73G,G82C,S84A,S84L,S84V,S85P,E88A,E88G,E88K,E88L,E88R,G106D
QUINOLONE	WP_001132507.1	G288D
QUINOLONE	WP_001281183.1	S83I,D87N
QUINOLONE	WP_001281243.1	A51V,N57K,A67S,H80P,G81C,G81D,D82G,S83A,S83I,S83L,S83V,S83W,A84P,A84V,D87N,D87V,D87Y,Q106H,Q106R,A196E
QUINOLONE	WP_001281271.1	A67P,D72G,V73I,G81C,G81D,G81H,G81S,D82G,D82N,S83A,S83I,S83Y,D87K,D87N,D87Y,S97P,L98V,A119E,A119S,A119V,A131G,E139A
QUINOLONE	WP_001281881.1	A56T,S57T,F60I,F60L,G78C,G78D,G78K,S80F,S80I,S80L,S80R,S80W,S80Y,E84A,E84G,E84K,E84R,E84V,A85T,A108T,A108V,D111H,S129P
QUINOLONE	WP_001281910.1	T66I,G78D,S80I,S80R,E84G,E84K,W106G
QUINOLONE	WP_001289586.1	S80F,S80Y,Y83N,E84G,E84K,E84L,E84V,A116E,A116V
QUINOLONE	WP_001836116.1	S79F,S79Y,D83H
QUINOLONE	WP_001837315.1	D432H,D432N,D432V,D443E,R444S,P451S,N470S,P585S
QUINOLONE	WP_001960919.1	S85I,S85L
QUINOLONE	WP_002224983.1	G410V
QUINOLONE	WP_002225016.1	D86N,S87I,S87N,S87R,S88P,E91G,E91K
QUINOLONE	WP_002240607.1	T91A,T91F,T91I,T91K,T91M,T91S,T91V,T91Y,D95A,D95G,D95N,D95Q,D95Y,T173A
QUINOLONE	WP_002371880.1	S82I,S82R,E86A,E86K
QUINOLONE	WP_002779062.1	T86A,T86I,T86K,T86V,D90N,D90Y,P104S
QUINOLONE	WP_002857904.1	A70T,D85Y,T86A,T86I,T86K,T86V,D90A,D90N,D90T,D90Y,P104S
QUINOLONE	WP_003027598.1	T83I,D87G
QUINOLONE	WP_003091448.1	D72G,H80R,G81C,G81D,T83A,T83I,Y86N,D87G,D87H,D87N,D87Y,Q106L
QUINOLONE	WP_003094842.1	A38G,T39P,R42G
QUINOLONE	WP_003095687.1	S87L,S87W
QUINOLONE	WP_003097268.1	A372L,A372V,I424L,L464I,S466F,S466Y,E468D,E468H,E483D
QUINOLONE	WP_003102062.1	M437I,S457G,S457T,E459D,E459L,A473V
QUINOLONE	WP_003429305.1	D71G,D71V,D81N,T82A,T82I,T82V,A118S,A118T,A384D
QUINOLONE	WP_003434229.1	V130I,I139R,S366A,S366V,R377G,S416A,D426N,D426V,R447K,R447L,E466K,E466V
QUINOLONE	WP_003688895.1	S91F,S91I,S91Y,D95A,D95G,D95N
QUINOLONE	WP_003691666.1	G410V
QUINOLONE	WP_004103997.1	T83I,D87G
QUINOLONE	WP_004105833.1	S80I,S80R
QUINOLONE	WP_004527513.1	Y77S,G81C,T83I,D87Y
QUINOLONE	WP_005482017.1	S85F,S85L
QUINOLONE	WP_005494728.1	S83F,S83I
QUINOLONE	WP_005693553.1	D420N,P439S,L502F
QUINOLONE	WP_005693555.1	G82C,G82D,S84I,S84R,E88K
QUINOLONE	WP_005694321.1	S84L,S84Y,D88G,D88N,D88Y
QUINOLONE	WP_006764872.1	G81D,T83I,D87H
QUINOLONE	WP_010445819.1	D420N,P439S
QUINOLONE	WP_010933942.1	S89F,S89V,D93A,D93Y
QUINOLONE	WP_010951227.1	D86G,D86N,S87C,S87I,S87N,S87R,S88P,E91A,E91G,E91K,E91Q
QUINOLONE	WP_010956585.1	D436N,E476D
QUINOLONE	WP_011078689.1	S85L
QUINOLONE	WP_013098009.1	S83F,S83I,S83Y,D87G,D87H,D87N
QUINOLONE	WP_013098723.1	S80I
QUINOLONE	WP_019167736.1	S80I,S80R,D84G,D84H,D84N,D84Y
QUINOLONE	WP_028127742.1	S83I,S83R,D87N
QUINOLONE	WP_033554192.1	I355T,L416F,G423R,P439S,I444F,L445H,S458A,S458L,S458T,E460D,E460K,I464F,I470M,D475E,D476N,I529L
QUINOLONE	WP_033785346.1	S84I,S84L,S84N,S84R,S84Y,E88G,E88K,E88L,E88Y
QUINOLONE	WP_039540073.1	S83I,S83R
QUINOLONE	WP_101982161.1	S80I,E84K
QUINOLONE	WP_103263503.1	S84A,S84L,S84W,S85A,E88G,E88K
QUINOLONE	WP_115256011.1	S82I,S82R,E86A,E86K,E86T
QUINOLONE	WP_117036963.1	S83F,S83I,S83L,S83T,S83Y,D87A,D87G,D87H,D87N,D87Y
QUINOLONE	WP_137277832.1	S84I,S84L,S84N,S84R,S84Y,E88G,E88K,E88L,S98N
QUINOLONE_TRICLOSAN	WP_001281243.1	S83F,D87G,D87H
QUINOLONE_TRICLOSAN	WP_001281271.1	S83F,D87G
RIFAMYCIN	WP_000263098.1	V146F,Q148L,L511Q,Q513L,Q513P,D516G,Q517QDQ,H526L,H526Y,R529C,R529S,S531F,L533P,T563P,P564L,I572F,I572L,I572N,R687H
RIFAMYCIN	WP_000331899.1	S583L
RIFAMYCIN	WP_000918664.1	S463N,S463P,S464P,Q465K,Q465R,L466S,Q468I,Q468K,Q468L,Q468R,M470T,D471E,D471G,D471Y,A473T,N474K,N474KG,N474L,N474NH,A477D,A477G,A477T,H481D,H481N,H481Y,R484C,R484H,S486L,I527F,I527L,I527M,S529L,D550G
RIFAMYCIN	WP_002225943.1	D543E,D543G,D543N,D543V,S549F,H553L,H553N,H553R,H553Y,S558F,G561S
RIFAMYCIN	WP_003436174.1	S488P,S488Y,Q489L,D492N,D492V,D492Y,P496S,H502L,H502N,H502R,H502Y,R505K,R505L,S507L,G510R,S550F,S550Y,L584F
RIFAMYCIN	WP_003690105.1	H553N,L560S
RIFAMYCIN	WP_004566675.1	S442F,S442N,S442Y
RIFAMYCIN	WP_005666423.1	A1131T
RIFAMYCIN	WP_014614750.1	A473AA,H481Y,S486L
SPIROPYRIMIDINETRIONE	WP_050171206.1	D429N,K450N,K450T
SULFONAMIDE	WP_000167936.1	F17L,S18L,T51M,A184V,E208K,E258EKE
SULFONAMIDE	WP_000764713.1	F28I,F28L,R171P
SULFONAMIDE	WP_000764731.1	F28I,F28L,P64A,P64H,P64L,P64R,P64S
SULFONAMIDE	WP_002250329.1	F31L,P68A,P68L,P68S,G194C,G194GSG,R228S,R228T
SULFONAMIDE	WP_003702942.1	F31L,G194C,G194GSG,R228S
SULFONAMIDE	WP_005694653.1	P64PSFLY,G189C
SULFONAMIDE	WP_011017740.1	F25I,R213G
TETRACYCLINE	WP_000888203.1	F6S,Q11L,D95E,V102G,V113I
TETRACYCLINE	WP_001118667.1	Y58D
TETRACYCLINE	WP_001181005.1	V57L
TETRACYCLINE	WP_001295325.1	P403L
TETRACYCLINE	WP_002000718.1	G27R
TETRACYCLINE	WP_002215394.1	V57L,V57M,V57Q
TETRACYCLINE	WP_002892080.1	M109I,Y114F,V165I
TETRACYCLINE	WP_004176968.1	K5E,A16D,A19V,T43M,I88N,T162I,A183D
TETRACYCLINE	WP_031379793.1	F12S
TETRACYCLINE	WP_086259262.1	R620C
TRICLOSAN	WP_000506490.1	M159T,F203V
TRICLOSAN	WP_001718014.1	Y151V
TRIMETHOPRIM	WP_000175752.1	L21V,L25I,H31N,L41F,N60I,F99I,F99S,F99Y,A135T,H150R
TRIMETHOPRIM	WP_005648125.1	I95L,F154S,F154V
TRIMETHOPRIM-SULFAMETHOXAZOLE	WP_004186718.1	G91A
TRIMETHOPRIM-SULFAMETHOXAZOLE	WP_004193008.1	DALAALG107-
